ID,ADDR,CONTENT,TIME,SCORE
RES_1_P8080,59.29.81.51,"b'<?xml version=""1.0"" encoding=""UTF-8""?>\n<SOAP-ENV:Envelope xmlns:SOAP-ENV=""http://www.w3.org/2003/05/soap-envelope"" xmlns:SOAP-ENC=""http://www.w3.org/2003/05/soap-encoding"" xmlns:xsi=""http://www.w3.org/2001/XMLSchema-instance"" xmlns:xsd=""http://www.w3.org/2001/XMLSchema"" xmlns:wsa5=""http://www.w3.org/2005/08/addressing"" xmlns:c14n=""http://www.w3.org/2001/10/xml-exc-c14n#"" xmlns:wsu=""http://docs.oasis-open.org/wss/2004/01/oasis-200401-wss-wssecurity-utility-1.0.xsd"" xmlns:xenc=""http://www.w3.org/2001/04/xmlenc#"" xmlns:ds=""http://www.w3.org/2000/09/xmldsig#"" xmlns:wsse=""http://docs.oasis-open.org/wss/2004/01/oasis-200401-wss-wssecurity-secext-1.0.xsd"" xmlns:xmime=""http://tempuri.org/xmime.xsd"" xmlns:xop=""http://www.w3.org/2004/08/xop/include"" xmlns:wsa=""http://schemas.xmlsoap.org/ws/2004/08/addressing"" xmlns:tt=""http://www.onvif.org/ver10/schema"" xmlns:wsbf2=""http://docs.oasis-open.org/wsrf/bf-2"" xmlns:wstop=""http://docs.oasis-open.org/wsn/t-1"" xmlns:wsr2=""http://docs.oasis-open.org/wsrf/r-2"" xmlns:daae=""http://www.onvif.org/ver20/analytics/wsdl/AnalyticsEngineBinding"" xmlns:dare=""http://www.onvif.org/ver20/analytics/wsdl/RuleEngineBinding"" xmlns:tan=""http://www.onvif.org/ver20/analytics/wsdl"" xmlns:decpp=""http://www.onvif.org/ver10/events/wsdl/CreatePullPointBinding"" xmlns:dee=""http://www.onvif.org/ver10/events/wsdl/EventBinding"" xmlns:denc=""http://www.onvif.org/ver10/events/wsdl/NotificationConsumerBinding"" xmlns:denf=""http://www.onvif.org/ver10/events/wsdl/NotificationProducerBinding"" xmlns:depp=""http://www.onvif.org/ver10/events/wsdl/PullPointBinding"" xmlns:depps=""http://www.onvif.org/ver10/events/wsdl/PullPointSubscriptionBinding"" xmlns:tev=""http://www.onvif.org/ver10/events/wsdl"" xmlns:depsm=""http://www.onvif.org/ver10/events/wsdl/PausableSubscriptionManagerBinding"" xmlns:wsnt=""http://docs.oasis-open.org/wsn/b-2"" xmlns:desm=""http://www.onvif.org/ver10/events/wsdl/SubscriptionManagerBinding"" xmlns:dndl=""http://www.onvif.org/ver10/network/wsdl/DiscoveryLookupBinding"" xmlns:dnrd=""http://www.onvif.org/ver10/network/wsdl/RemoteDiscoveryBinding"" xmlns:d=""http://schemas.xmlsoap.org/ws/2005/04/discovery"" xmlns:dn=""http://www.onvif.org/ver10/network/wsdl"" xmlns:tad=""http://www.onvif.org/ver10/analyticsdevice/wsdl"" xmlns:tds=""http://www.onvif.org/ver10/device/wsdl"" xmlns:timg=""http://www.onvif.org/ver20/imaging/wsdl"" xmlns:tls=""http://www.onvif.org/ver10/display/wsdl"" xmlns:tmd=""http://www.onvif.org/ver10/deviceIO/wsdl"" xmlns:tptz=""http://www.onvif.org/ver20/ptz/wsdl"" xmlns:trc=""http://www.onvif.org/ver10/recording/wsdl"" xmlns:trp=""http://www.onvif.org/ver10/replay/wsdl"" xmlns:trt=""http://www.onvif.org/ver10/media/wsdl"" xmlns:trv=""http://www.onvif.org/ver10/receiver/wsdl"" xmlns:tse=""http://www.onvif.org/ver10/search/wsdl"" xmlns:ter=""http://www.onvif.org/ver10/error"" xmlns:tns1=""http://www.onvif.org/ver10/topics""><SOAP-ENV:Body><SOAP-ENV:Fault><faultcode>SOAP-ENV:Client</faultcode><faultstring>HTTP GET method not implemented</faultstring></SOAP-ENV:Fault></SOAP-ENV:Body></SOAP-ENV:Envelope>\r\n'",2022-05-02 21:28:28.755032,0.0
RES_2_P8080,58.162.228.234:80,"b'\xef\xbb\xbf<!doctype html>\r\n<head>\r\n<meta http-equiv=""Content-Type"" content=""text/html; charset=utf-8"" />\r\n<title>index</title>\r\n<script type=""text/javascript"" src=""doc/script/jquery-1.7.1.min.js""></script>\r\n<script type=""text/javascript"" src=""doc/script/jquery.cookie.js""></script>\r\n<script>\r\nfunction initIndex() {\r\n\tif (navigator.appName == \'Netscape\' || navigator.appName == ""Opera"") {\r\n\t\tvar sysLanguage= navigator.language.toLowerCase();\r\n\t} else {\r\n\t\tvar sysLanguage= navigator.browserLanguage.toLowerCase();\r\n\t}\r\n\tvar szLanguage = sysLanguage.substring(0,2);\r\n\t$.cookie(\'language\', szLanguage);\r\n\tself.moveTo(0,0);   //\xe4\xbd\xbf\xe5\x85\xb6IE\xe7\xaa\x97\xe5\x8f\xa3\xe6\x9c\x80\xe5\xa4\xa7\xe5\x8c\x96\r\n\tself.resizeTo(screen.availWidth,screen.availHeight); \r\n\t$.cookie(\'updateTips\', \'true\');\r\n\twindow.location.href = ""doc/page/login.asp"";\r\n}\r\n</script> \r\n</head>\r\n<body onLoad=""initIndex()""></body>\r\n</html>'",2022-05-03 19:45:44.741634,0.0999999999999999
RES_6_P8080,58.162.228.234:80,b'<html><head><title>Document Error: Site or Page Not Found</title></head>\r\n\t\t<body><h2>Access Error: Site or Page Not Found</h2>\r\n\t\t<p>Cannot open URL</p></body></html>\r\n\r\n',2022-05-03 19:45:47.594637,0.0
RES_9_P8080,58.162.228.234:80,b'<html><head><title>Document Error: Page not found</title></head>\r\n\t\t<body><h2>Access Error: Page not found</h2>\r\n\t\t<p>Bad request</p></body></html>\r\n\r\n',2022-05-03 19:45:49.782174,0.0
RES_10_P8080,58.162.228.234:80,b'<html><head><title>Document Error: Site or Page Not Found</title></head>\r\n\t\t<body><h2>Access Error: Site or Page Not Found</h2>\r\n\t\t<p>Cannot open URL</p></body></html>\r\n\r\n',2022-05-03 19:45:50.533382,0.1799999999999998
RES_11_P8080,58.162.228.234:80,b'<html><head><title>Document Error: Site or Page Not Found</title></head>\r\n\t\t<body><h2>Access Error: Site or Page Not Found</h2>\r\n\t\t<p>Cannot open URL</p></body></html>\r\n\r\n',2022-05-03 19:45:51.256975,0.0
RES_18_P8080,207.109.58.115:443,"b'<!DOCTYPE HTML PUBLIC ""-//IETF//DTD HTML 2.0//EN"">\n<html><head>\n<title>400 Bad Request</title>\n</head><body>\n<h1>Bad Request</h1>\n<p>Your browser sent a request that this server could not understand.<br />\nReason: You\'re speaking plain HTTP to an SSL-enabled server port.<br />\n Instead use the HTTPS scheme to access this URL, please.<br />\n</p>\n</body></html>\n'",2022-05-03 21:19:16.948295,0.0
RES_22_P8080,109.247.79.6:80,"b'<!DOCTYPE HTML PUBLIC ""-//W3C//DTD HTML 4.0 Transitional//EN"">\r\n<html>\r\n<head><meta http-equiv=""Content-Type"" content=""text/html; charset=utf-8"">\r\n\r\n<meta http-equiv=""Content-Type"" content=""text/html"">\r\n<title>Document Moved</title>\r\n<meta name=""id"" content=""docJump"" >\r\n<link rel=stylesheet href=""swl_styles-6.2.5-4184726327.css"" TYPE=""text/css"">\r\n<link rel=stylesheet href=""swl_login-6.2.5-2193764341.css"" TYPE=""text/css"">\r\n<script type=""text/JavaScript"">\r\nvar resetSecureFlag = false;\r\nsetTimeout(""goJump();"", 1000);\r\nfunction goJump() {\r\n\tvar jumpURL = ""https://109.247.79.6:8443/auth.html"";\r\n\tvar jumpProt = jumpURL.substr(0,6).toLowerCase();\r\n\tvar ix;\r\n\tif (jumpProt.substr(0,4) == ""http"" && (ix = jumpProt.indexOf("":"")) != -1) {\r\n\t\tjumpProt = jumpProt.substr(0,ix+1);\r\n\t\tif (location.protocol.toLowerCase() != jumpProt) {\r\n\t\t\twindow.opener = null;\r\n\t\t\ttop.opener = null;\r\n\t\t}\r\n\t}\r\n\tif (resetSecureFlag) {\r\n\t\tvar sessId = getCookie(""SessId"");\r\n\t\tvar pageSeed = swlStore.get(""PageSeed"", {isGlobal: true});\r\n\t\tif (sessId) { setCookieExt(""SessId"", sessId, { strictSameSite: true }); }\r\n\t\tif (pageSeed) { swlStore.set(""PageSeed"", pageSeed, {isGlobal: true}); }\r\n\t}\r\n\ttop.location.href = jumpURL;\r\n}\r\nfunction setCookie(key, value) {\r\n  var argv = setCookie.arguments;\r\n  var argc = setCookie.arguments.length;\r\n  var expires = (argc > 2) ? argv[2] : null;\r\n  var path = (argc > 3) ? argv[3] : null;\r\n  var domain = (argc > 4) ? argv[4] : null;\r\n  var secure = (argc > 5) ? argv[5] : false;\r\n  document.cookie = key + ""="" + escape (value) +\r\n\t((expires == null) ? """" : (""; expires="" + expires.toGMTString())) +\r\n\t((path == null) ? """" : (""; path="" + path)) +\r\n\t((domain == null) ? """" : (""; domain="" + domain)) +\r\n\t((secure == true) ? ""; secure"" : """");\r\n}\r\nfunction getCookie(key) {\r\n\tif (document.cookie.length) {\r\n\t\tvar cookies = \' \' + document.cookie;\r\n\t\tvar start = cookies.indexOf(\' \' + key + \'=\');\r\n\t\tif (start == -1) {\r\n\t\t\treturn null;\r\n\t\t}\r\n\t\tvar end = cookies.indexOf("";"", start);\r\n\t\tif (end == -1) {\r\n\t\t\tend = cookies.length;\r\n\t\t}\r\n\t\tend -= start;\r\n\t\tvar cookie = cookies.substr(start,end);\r\n\t\treturn unescape(cookie.substr(cookie.indexOf(\'=\') + 1, cookie.length - cookie.indexOf(\'=\') + 1));\r\n\t} else {\r\n\t\treturn null;\r\n\t}\r\n}\r\n</script>\r\n\r\n</head>\r\n<body class=""login_bg"">\r\n\t<div class=""login_outer"">\r\n\t\t<div class=""login_inner"">\r\n\t\t\t<div class=""vgap48""></div>\r\n\t\t\t<div class=""login_logo"">\r\n\t\t\t\t<img src=""logo_sw.png"">\r\n\t\t\t</div>\r\n\t\t\t<div class=""login_prodname"">\r\n\t\t\t\tNetwork Security Appliance\r\n\t\t\t</div>\r\n\t\t\t<div class=""vgap48""></div>\r\n\t\t\t<div class=""login_msg_header"">\r\n\t\t\t\tPlease be patient as you are being re-directed to <a href=""https://109.247.79.6:8443/auth.html"" target=""_top"">a secure login page</a>\r\n\t\t\t</div>\r\n\t\t\t<div class=""vgap24""></div>\r\n\t\t</div>\r\n\t</div>\r\n\r\n\r\n</body>\r\n</html>'",2022-05-03 21:21:38.445576,0.0
RES_23_P8080,109.247.79.6:80,"b'<!DOCTYPE html PUBLIC ""-//W3C//DTD XHTML 1.0 Strict//EN""""http://www.w3.org/TR/xhtml1/DTD/xhtml1-strict.dtd""><html xmlns=""http://www.w3.org/1999/xhtml"" lang=""en"" xml:lang=""en""><head><title>File not found!</title><style type=""text/css""><!--/*--><![CDATA[/*><!--*/ body { color: #000000; background-color: #FFFFFF; }span.url { text-decoration: underline; }p {margin-left: 3em;}span.server {font-size: smaller;}/*]]>*/--></style></head><body><h1>File not found!</h1><p>The requested URL <span class=""url"">&#x2F;admin</span> was not found on this server.</p><p>If you entered the URL manually please check your spelling and try again.</p><h2>Error 404</h2><p><span class=""server"">SonicWall Server</span></p></body></html>'",2022-05-03 21:21:38.666381,0.0
RES_24_P8080,109.247.79.6:80,"b'<!DOCTYPE html PUBLIC ""-//W3C//DTD XHTML 1.0 Strict//EN""""http://www.w3.org/TR/xhtml1/DTD/xhtml1-strict.dtd""><html xmlns=""http://www.w3.org/1999/xhtml"" lang=""en"" xml:lang=""en""><head><title>File not found!</title><style type=""text/css""><!--/*--><![CDATA[/*><!--*/ body { color: #000000; background-color: #FFFFFF; }span.url { text-decoration: underline; }p {margin-left: 3em;}span.server {font-size: smaller;}/*]]>*/--></style></head><body><h1>File not found!</h1><p>The requested URL <span class=""url"">&#x2F; </span> was not found on this server.</p><p>If you entered the URL manually please check your spelling and try again.</p><h2>Error 404</h2><p><span class=""server"">SonicWall Server</span></p></body></html>'",2022-05-03 21:21:38.887777,0.0
RES_29_P8080,109.247.79.6:80,"b'<!DOCTYPE html PUBLIC ""-//W3C//DTD XHTML 1.0 Strict//EN""""http://www.w3.org/TR/xhtml1/DTD/xhtml1-strict.dtd""><html xmlns=""http://www.w3.org/1999/xhtml"" lang=""en"" xml:lang=""en""><head><title>File not found!</title><style type=""text/css""><!--/*--><![CDATA[/*><!--*/ body { color: #000000; background-color: #FFFFFF; }span.url { text-decoration: underline; }p {margin-left: 3em;}span.server {font-size: smaller;}/*]]>*/--></style></head><body><h1>File not found!</h1><p>The requested URL <span class=""url"">&#x2F;&#92;xc0 &#92;xc01&#92;xc0-&#92;x00&#92;xa5&#92;x00&#92;xa3&#92;x00&#92;xa1&#92;x00&#92;x9f&#92;x00&#92;xa4&#92;x00&#92;xa2&#92;x00&#92;xa0&#92;x00&#92;x9e&#92;xc0(&#92;xc0$&#92;xc0&#92;x14&#92;xc0&#92;n&#92;xc0*&#92;xc0&amp;&#92;xc0&#92;x0f&#92;xc0&#92;x05&#92;x00k&#92;x00j&#92;x00i&#92;x00h&#92;x009&#92;x008&#92;x007&#92;x006&#92;xc0&#92;</span> was not found on this server.</p><p>If you entered the URL manually please check your spelling and try again.</p><h2>Error 404</h2><p><span class=""server"">SonicWall Server</span></p></body></html>'",2022-05-03 21:21:40.025671,0.0999999999999999
RES_30_P8080,109.247.79.6:80,"b'<!DOCTYPE html PUBLIC ""-//W3C//DTD XHTML 1.0 Strict//EN""""http://www.w3.org/TR/xhtml1/DTD/xhtml1-strict.dtd""><html xmlns=""http://www.w3.org/1999/xhtml"" lang=""en"" xml:lang=""en""><head><title>File not found!</title><style type=""text/css""><!--/*--><![CDATA[/*><!--*/ body { color: #000000; background-color: #FFFFFF; }span.url { text-decoration: underline; }p {margin-left: 3em;}span.server {font-size: smaller;}/*]]>*/--></style></head><body><h1>File not found!</h1><p>The requested URL <span class=""url"">&#x2F; </span> was not found on this server.</p><p>If you entered the URL manually please check your spelling and try again.</p><h2>Error 404</h2><p><span class=""server"">SonicWall Server</span></p></body></html>'",2022-05-03 21:21:40.246090,0.0
RES_32_P8080,31.47.126.37:80,"b'\xef\xbb\xbf<!DOCTYPE html> \r\n<html xmlns=""http://www.w3.org/1999/xhtml"">\r\n\r\n<head>\r\n<META http-equiv=Content-Type content=""text/html; charset=utf-8"" />\r\n<META http-equiv=Pragma content=no-cache>\r\n<META http-equiv=Expires content=0>\r\n\r\n<!-- \r\n<link rel=""stylesheet"" href=""../css/login.css"" type=""text/css"" />\r\n<link rel=""stylesheet"" href=""../img/login/login.css"" type=""text/css"" />\r\n-->\r\n<link rel=""Shortcut Icon"" href=""../img/login/favicon.ico"" type=""image/jpeg"" />\r\n<style type=""text/css"">\r\nbody{\r\n    font-family:Arial, sans-serief;\r\n    background-color:#FFFFFF;\r\n    margin:0px;\r\n    padding:0px;\r\n}\r\ndiv.loginBox\r\n{\r\n    display: block;\r\n    position:relative;\r\n    margin-top:10%;\r\n    text-align:center;\r\n}\r\n.noteDiv{\r\n    color:gray;\r\n    font-family:Arial;\r\n    width:395px;\r\n    text-align:left;\r\n    margin:0px auto;\r\n    font-size:14px;\r\n}\r\n#note{\r\n    /*display:inline-block;*/\r\n    vertical-align:top;\r\n    _display:inline;\r\n    _zoom:1;\r\n    width:50px;\r\n    font-weight:bold;\r\n}\r\n#tip{\r\n    display:inline-block;\r\n    vertical-align:top;\r\n    _display:inline;\r\n    _zoom:1;\r\n    width:340px;\r\n    font-weight:bold;\r\n}\r\ndiv.panelThre{\r\n    margin-top:10px;\r\n}\r\ndiv.picDiv{\r\n    width:395px;\r\n    height:276px;\r\n    /*background:url(../login/loginbg.png);*/\r\n    position:relative;\r\n}\r\ninput.pcPassword{\r\n    width:300px;\r\n    height:50px;\r\n    line-height:50px;\r\n    padding-left:20px;\r\n}\r\ndiv.PCBtnDiv{\r\n    position:relative;\r\n    margin-top:20px;\r\n}\r\nimg.logoPic{\r\n    width:100%;\r\n}\r\n#copyright{\r\n    -webkit-text-size-adjust:none;\r\n    font-size:8px;\r\n    color:#6a6969;\r\n    font-family:""Verdana"";\r\n    font-weight:normal;\r\n    margin-top:40px;\r\n    display:inline-block;\r\n}\r\n.topLogo{\r\n    background-color: #4ACBD6;\r\n    height:96px;\r\n    overflow: hidden;\r\n}\r\ntr{\r\n    vertical-align: top;\r\n}\r\n.topLogo td a img{\r\n    margin:27px 0 0 25px;\r\n}\r\n.topLogo td.last-td img{\r\n    float: right;\r\n    margin-right: 14px;\r\n    opacity: 0.3;\r\n    filter:alpha(opacity=30);\r\n}\r\nul{\r\n    padding:60px 0px 0px 0px;\r\n    margin:0px;\r\n    list-style:none;\r\n}\r\nul li{\r\n    height:32px;\r\n    width:250px;\r\n    text-align: left;\r\n}\r\nli.unLi{\r\n    /*background:url(../login/loginUser.png);*/\r\n    background:url(../img/login/input-box.png);\r\n\r\n}\r\nli.pwLi{\r\n    /*background:url(../login/loginPwd.png);*/\r\n    background:url(../img/login/input-box.png);\r\n}\r\nli.blank{\r\n    height:8px;\r\n}\r\ninput.text{\r\n    border:0px;\r\n    height:32px;\r\n    line-height:32px;\r\n    width:175px;\r\n    padding:0px;\r\n    /*margin-left: 39px;*/\r\n    font-size:14px;\r\n    color:#A7A9AC;\r\n    font-family:""Arial"",""Verdana"";\r\n    font-weight:normal;\r\n    background-color: transparent;\r\n    vertical-align: top;\r\n}\r\ninput.text:focus{\r\n    outline: none;\r\n}\r\nlabel.loginBtn{\r\n    height:32px;\r\n    display:inline-block;\r\n    width:250px;\r\n    margin-top:8px;\r\n    line-height: 32px;\r\n    color: #FFFFFF;\r\n    font-size:18px;\r\n    font-family: Arial;\r\n    background:url(../img/login/loginButton.png);\r\n    cursor:pointer;\r\n}\r\n\r\nli img{\r\n    line-height: 40px;\r\n    margin: 9px 6px 9px 9px;\r\n}\r\n\r\niframe#top{\r\n    width:100%;\r\n    height:96px;\r\n    border: none;\r\n    display: block;\r\n}\r\n\r\nhtml{\r\n    overflow: hidden;\r\n}\r\ntable,tr,td{\r\n    padding: 0;\r\n}\r\ntd {\r\n    font-family:""Times New Roman"", ""\xc3\x8b\xc3\x8e\xc3\x8c\xc3\xa5"";\r\n    font-size: 12px;\r\n}\r\nform {\r\n    font-family:""Times New Roman"", ""\xc3\x8b\xc3\x8e\xc3\x8c\xc3\xa5"";\r\n    font-size: 12px;\r\n}\r\n/*\r\nbody {\r\n    font-family:""Arial Black"", ""\xc2\xba\xc3\x9a\xc3\x8c\xc3\xa5"";\r\n    font-size: 16px;\r\n    background: #4ACBD6\r\n}\r\n*/\r\n.style1 {\r\n    font-family:Arial;\r\n    color: #FFFFFF;\r\n    font-size: 18px;\r\n    padding-right: 50;\r\n    text-align: left;\r\n    font-weight: bold;\r\n    white-space: nowrap;\r\n}\r\n.style2 {\r\n    font-size: 14px;\r\n    font-family:Arial;\r\n    font-weight: bold;\r\n    padding-right: 50;\r\n    text-align: left;\r\n    white-space: nowrap;\r\n    color: #FFFFFF;\r\n}\r\n\r\ntr{\r\n    vertical-align: top;\r\n}\r\n#first-td{\r\n    width:234px;\r\n}\r\n#first-td img {\r\n    margin:27px 0 0 25px;\r\n    cursor: pointer;\r\n}\r\n#second-td {\r\n    padding-top: 25px;\r\n}\r\n#third-td img {\r\n    float:right;\r\n    opacity: 0.3;\r\n    filter\\0: alpha(opacity=30);\r\n    margin-right: 14px;\r\n}\r\ninput[type=""text""]::-ms-clear,\r\ninput[type=\'password\']::-ms-reveal{\r\n    display:none;\r\n}\r\n</style>\r\n<script src=""../js/oid_str.js"" type=""text/javascript""></script>\r\n<script src=""../js/str.js"" type=""text/javascript""></script>\r\n<script src=""../js/err.js"" type=""text/javascript""></script>\r\n<script src=""../js/language.js"" type=""text/javascript""></script>\r\n<script src=""../js/root.js"" type=""text/javascript""></script>\r\n<script src=""../js/cryptoJS.min.js"" type=""text/javascript""></script>\r\n<script src=""../js/encrypt.js"" type=""text/javascript""></script>\r\n<script src=""../js/tpEncrypt.js"" type=""text/javascript""></script>\r\n<script src=""../js/lib.js"" type=""text/javascript""></script>\r\n<script type=""text/javascript"">\r\n$.curPage=""login.htm"";\r\nvar lang = ""en_US"";\r\nif($.country)\r\n{\r\n\t//console.log(""lang = $.country: "", $.country);\r\n\tlang = $.country;\r\n}\r\nvar url = window.location.href;\r\nif (url.indexOf(""tplinklogin.net"") >= 0)\r\n{\r\n    url = url.replace(""tplinklogin.net"", ""tplinkwifi.net"");\r\n    window.location = url;\r\n}\r\n\r\nvar isLocked = false;\r\n\r\ndeleteCookie(""Authorization"");\r\nif (window.parent != window)\r\n{\r\n\tvar refresh = function(domain, port, frame, page) {\r\n\t\tif ($.local) location.reload(true);\r\n\t\t\telse {\r\n\t\t\t\tvar ret = window.parent.location.href.match(/(https?):\\/\\/([^:\\/]+)(:\\d+)?\\/?([^?]*)/);\r\n\t\t\t\twindow.parent.location.href = ret[1] + ""://"" + (domain ? domain : ret[2]) + (port ? "":"" + port : (ret[3] ? ret[3] : """")) + ""/"" + (frame ? frame : (ret[4] ? ret[4] : """")) + (page ? ""#__"" + page.match(/\\w+\\.htm$/) : """");\r\n\t\t\t}\r\n\t}\r\n\trefresh();\r\n}\r\n\r\nfunction Base64Encoding(input) \r\n{\r\n\tvar keyStr = ""ABCDEFGHIJKLMNOPQRSTUVWXYZabcdefghijklmnopqrstuvwxyz0123456789+/="";\r\n\tvar output = """";\r\n\tvar chr1, chr2, chr3, enc1, enc2, enc3, enc4;\r\n\tvar i = 0;\r\n\tinput = utf8_encode(input);\r\n\twhile (i < input.length) \r\n\t{\r\n\t\tchr1 = input.charCodeAt(i++);\r\n\t\tchr2 = input.charCodeAt(i++);\r\n\t\tchr3 = input.charCodeAt(i++);\r\n\t\tenc1 = chr1 >> 2;\r\n\t\tenc2 = ((chr1 & 3) << 4) | (chr2 >> 4);\r\n\t\tenc3 = ((chr2 & 15) << 2) | (chr3 >> 6);\r\n\t\tenc4 = chr3 & 63;\r\n\t\t\r\n\t\tif (isNaN(chr2)) \r\n\t\t{\r\n\t\t\tenc3 = enc4 = 64;\r\n\t\t} \r\n\t\telse if (isNaN(chr3)) \r\n\t\t{\r\n\t\t\tenc4 = 64;\r\n\t\t}\r\n\t\toutput = output + keyStr.charAt(enc1) + keyStr.charAt(enc2) + keyStr.charAt(enc3) + keyStr.charAt(enc4);\r\n\t}\r\n\treturn output;\r\n}\r\n\r\nfunction utf8_encode (string) \r\n{\r\n\tstring = string.replace(/\\r\\n/g,""\\n"");\r\n\tvar utftext = """";\r\n\t\r\n\tfor (var n = 0; n < string.length; n++) \r\n\t{\r\n\t\tvar c = string.charCodeAt(n);\r\n\t\tif (c < 128) \r\n\t\t{\r\n\t\t\tutftext += String.fromCharCode(c);\r\n\t\t}\r\n\t\telse if((c > 127) && (c < 2048)) \r\n\t\t{\r\n\t\t\tutftext += String.fromCharCode((c >> 6) | 192);\r\n\t\t\tutftext += String.fromCharCode((c & 63) | 128);\r\n\t\t}\r\n\t\telse\r\n\t\t{\r\n\t\t\tutftext += String.fromCharCode((c >> 12) | 224);\r\n\t\t\tutftext += String.fromCharCode(((c >> 6) & 63) | 128);\r\n\t\t\tutftext += String.fromCharCode((c & 63) | 128);\r\n\t\t}\r\n\t}\t\r\n\treturn utftext;\r\n}\r\n\r\nfunction PCWin(event)\r\n{\r\n\tif (event.keyCode == 13)\r\n\t{\r\n\t\tPCSubWin();\r\n\t}\r\n}\r\n\r\nfunction PCSubWin()\r\n{\t\r\n\tif (isLocked == true)\r\n\t{\r\n\t\treturn ;\r\n\t}\r\n\t\t\r\n\tvar auth;\r\n\tvar password = $.id(""pcPassword"").value;\r\n\tvar userName = $.id(""userName"").value;\r\n\r\n/*\tif (forbidAdminLogin == 1){\r\n\t\t$.id(""note"").innerHTML = ""NOTE:"";\r\n\t\t$.id(""tip"").innerHTML = ""The router allows only one administrator to login at the same time, please try again later."";\r\n\t\treturn;\r\n\t}*/\r\n\t\r\n\tif(INCLUDE_LOGIN_GDPR_ENCRYPT)\r\n\t{\r\n\t\r\n\t\t$.act(ACT_CGI, ""/cgi/getParm"");\r\n\t\t$.exe(null,false,0);\r\n\t\t$.nn = nn;\r\n\t\t$.ee = ee;\r\n\t\t$.seq = seq;\r\n\r\n\t\t$.Iencryptor.setSeq($.seq);\r\n\t\t$.Iencryptor.setRSAKey($.nn, $.ee);\r\n\t\t$.Iencryptor.setHash(userName, password);\r\n\t\t$.Iencryptor.genAESKey();\r\n\t\r\n\t\tvar tmpcount = {};\r\n\t\ttmpcount.username=userName;\r\n\t\ttmpcount.password=password;\r\n\t\t\r\n\t\t$.act(ACT_CGI, ""/cgi/login"", null, null, tmpcount);\r\n\t\t$.newencryptorManager.recordEncryptor();\r\n\t\tif(!$.exe(null, false, 1))\r\n\t\t{\r\n\t\t\twindow.location.reload();\r\n\t\t}\t\r\n\t}\r\n\t\r\n}\r\n\r\n\r\n\r\nfunction deleteCookie(name) \r\n{ \r\n    var LargeExpDate = new Date ();\r\n    document.cookie = name + ""=; expires="" +LargeExpDate.toGMTString(); \r\n}\r\n/*\r\nfunction $(id)\r\n{\r\n\treturn document.getElementById(id);\r\n}\r\n*/\r\nfunction lockWeb(bLock)\r\n{\r\n\t$.id(""userName"").disabled = bLock;\r\n\t$.id(""pcPassword"").disabled = bLock;\r\n\t$.id(""pcPassword"").blur();\r\n\t$.id(""userName"").blur();\r\n}\r\n\r\nfunction resize()\r\n{\r\n\tbodyObj = document.body;\r\n\tbodyObj.style[""width""] = (document.documentElement.clientWidth < 1000 ? 1000 : document.documentElement.clientWidth) + ""px"";\r\n}\r\n\r\nfunction pageLoad()\r\n{\r\n\tresize();\r\n\twindow.onresize = resize;\r\n\tvar tip = $.id(""tip""), tipStr="""", note = $.id(""note"");\r\n\tvar unLi = $.id(""unLi"");\r\n\tvar pwLi = $.id(""pwLi"");\r\n\tvar userName = $.id(""userName"");\r\n\tvar pcPassword = $.id(""pcPassword"");\r\n\t\r\n\tdeleteCookie(""Authorization"");\r\n\t/*\r\n\tpcPassword.onfocus = function()\r\n\t{\r\n\t\tpwLi.style.background = ""url(../img/login/pwselect.png)"";\r\n\t};\r\n\t\r\n\tpcPassword.onblur = function()\r\n\t{\r\n\t\tpwLi.style.background = ""url(../img/login/pwunselect.png)"";\r\n\t};\r\n\t   \r\n\tuserName.onfocus = function()\r\n\t{\r\n\t\tunLi.style.background = ""url(../img/login/idselect.png)"";\r\n\t};\r\n\t   \r\n\tuserName.onblur = function()\r\n\t{\r\n\t\tunLi.style.background = ""url(../img/login/idunselect.png)"";\r\n\t};\r\n\t*/\r\n\t\r\n\ttry { \r\n\t\tif (localString)\r\n\t\t{\r\n\t\t\t$.id(""mnum"").innerHTML = localString[lang].MODEL_NO + modelName;\t\r\n\t\t}\r\n\t\telse\r\n\t\t{\r\n\t\t\t$.id(""mnum"").innerHTML = ""Model No. "" + modelName;\t\r\n\t\t}\r\n\t\tif(modelDesc)\r\n\t\t{\r\n\t\t\t$.id(""mname"").innerHTML = modelDesc;\r\n\t\t}\r\n\t}catch(e) {}\r\n\r\n\tif (forbidAdminLogin == 1)\r\n\t{\r\n\t\tif (localString)\r\n\t\t{\r\n\t\t\t$.id(""note"").innerHTML = localString[lang].NOTE;\r\n\t\t\t$.id(""tip"").innerHTML = localString[lang].TIP_CONFLICT;\r\n\t\t}\r\n\t\telse\r\n\t\t{\r\n\t\t\t$.id(""note"").innerHTML = ""NOTE:"";\r\n\t\t\t$.id(""tip"").innerHTML = ""The router allows only one administrator to login at the same time, please try again later."";\r\n\t\t}\r\n\t\t\r\n\t\tforbidAdminLogin = 0;\r\n\t\tauthTimes = 0;\r\n\t\tif (/*usernameIsAdmin*/0) \r\n\t\t{\r\n\t\t\tuserName.value = ""admin"";\r\n\t\t\tpcPassword.focus();\r\n\t\t\tpcPassword.select();\r\n\t\t}\r\n\t\telse{\r\n\t\t\tuserName.focus();\r\n\t\t\tuserName.select();\r\n\t\t}\r\n\t\tlockWeb(true);\r\n\t\treturn;\r\n\t}\t\t\r\n\t\r\n\tif (authTimes > 0)\r\n\t{\r\n\t\tif (localString)\r\n\t\t{\r\n\t\t\t$.id(""note"").innerHTML = localString[lang].NOTE;\r\n\t\t\t$.id(""tip"").innerHTML = localString[lang].TIP_ERROR;\r\n\t\t}\r\n\t\telse{\r\n\t\t\t$.id(""note"").innerHTML = ""NOTE:"";\r\n\t\t\t$.id(""tip"").innerHTML = ""The username or password is incorrect, please try again."";\r\n\t\t}\r\n\t}\t\r\n\t\r\n\tif (authTimes >= 10)\r\n\t{\r\n\t\tisLocked = true;\r\n\t\tlockWeb(true);\r\n\t\tcount = 7200 - forbidTime;\r\n\t\tif (localString)\r\n\t\t{\r\n\t\t\t$.id(""note"").innerHTML = localString[lang].NOTE;\r\n\t\t\ttipStr = localString[lang].TIP_EXCE1;\r\n\t\t\t$.id(""tip"").innerHTML = tipStr + count + localString[lang].TIP_EXCE2;;\t\t\r\n\t\t}\r\n\t\telse\r\n\t\t{\r\n\t\t\t$.id(""note"").innerHTML = ""NOTE\xef\xbc\x9a"";\r\n\t\t\ttipStr = ""You have exceeded ten attempts. Please try again in "";\r\n\t\t\t$.id(""tip"").innerHTML = tipStr + count + ""s."";\t\t\r\n\t\t}\r\n\r\n\t\twindow.setTimeout(function()\r\n\t\t{\r\n\t\t\tif (count < 1)\r\n\t\t\t{\r\n\t\t\t\t$.id(""note"").innerHTML = """";\r\n\t\t\t\t$.id(""tip"").innerHTML = """";\r\n\t\t\t\tisLocked = false;\r\n\t\t\t\tlockWeb(false);\r\n\t\t\t\tuserName.focus();\r\n\t\t\t\tdeleteCookie(""Authorization"");\r\n\t\t\t\twindow.location.reload();\r\n\t\t\t\treturn ;\r\n\t\t\t}\r\n\t\t\tcount--;\r\n\t\t\tif (localString)\r\n\t\t\t{\r\n\t\t\t\t$.id(""tip"").innerHTML = tipStr + count + localString[lang].TIP_EXCE2;\t\r\n\t\t\t}\r\n\t\t\telse{\r\n\t\t\t\t$.id(""tip"").innerHTML = tipStr + count + ""s."";\r\n\t\t\t}\r\n\t\t\twindow.setTimeout(arguments.callee, 1000);\r\n\t\t}, 1000);\r\n\t}\r\n\telse\r\n\t{\r\n\t\tuserName.focus();\r\n\t}\r\n\tif (/*usernameIsAdmin*/0) \r\n\t{\r\n\t\tuserName.value = ""admin"";\r\n\t\tpcPassword.focus();\r\n\t\tpcPassword.select();\r\n\t}\r\n\telse{\r\n\t\tuserName.focus();\r\n\t\tuserName.select();\r\n\t}\r\n}\r\n</script>\r\n</head>\r\n\r\n<body onkeypress=""PCWin(event)"" onload=""pageLoad()"">\r\n<!--\r\n<div class=""nd"" style=""height: 0; background: url(../img/login/1.jpg);""></div>\r\n-->\r\n<div class=""topLogo"">\r\n\t<!--\r\n\t<a href=""http://www.tp-link.com""><img id=""logo"" src=""../img/login/top1_1.jpg"" style=""float: left;"" border=""0"" /></a>\r\n\t<div id=""mod"" style=""height: 87px; margin: 0; text-align: right; overflow: hidden; background: url(../img/login/top1_2.jpg) no-repeat right;"" >\r\n\t<p id=""mname"" style=""font-size: 16px; font-weight: bold; color: #fff; margin: 37px 24px 0 0; padding: 0;""></p>\r\n\t<p id=""mnum"" style=""font-size: 12px; font-weight: bold; color: #fff; margin: 2px 24px 0 0; padding: 0;""></p>\r\n\t</div>\r\n\t<img id=""bhr"" src=""../img/login/top2.jpg"" style=""height: 3px; width: 100%; display: block;"" />\r\n\t-->\r\n\t<table cellspacing=0 width=""100%"">\r\n        <tr>\r\n            <td>\r\n                <table border=""0"" cellspacing=""0"" width=""100%"">\r\n                    <tr>\r\n                        <td id=""first-td"">\r\n                            <a OnClick=""return NewW();"" onMouseOver=""return ShowUrl();"" onMouseOut=""return EraseUrl();"">\r\n                                <img src=""../img/login/logo.png"">\r\n                            </a>\r\n                        </td>\r\n                        <td id=""second-td"">\r\n                            <table>\r\n                                <tr>\r\n                                    <td id=""mname"" class=""style1""></td>\r\n                                </tr>\r\n                                <tr>\r\n                                    <td id=""mnum"" class=""style2""></td>\r\n                                </tr>\r\n                            </table>\r\n                        </td>\r\n\t\t\t\t\t\t<td id=""third-td"">\r\n\t\t\t\t\t\t\t<img src=""../img/login/top-right.png"">\r\n\t\t\t\t\t\t</td>\r\n                    </tr>\r\n                </table>\r\n            </td>\r\n        </tr>\r\n        <!--<tr>-->\r\n            <!--<td>-->\r\n                <!--<IMG height=3 src=""../images/top2.jpg"" width=""100%"" align=top border=0>-->\r\n            <!--</td>-->\r\n        <!--</tr>-->\r\n    </table>\r\n</div>\r\n<div class=""loginBox"">\r\n\t<div class=""noteDiv"">\r\n\t\t<span id=""note""></span>\r\n\t\t<span id=""tip""></span>\r\n\t</div>\r\n\t<div class=""panelThre"" align=""center"">\r\n\t\t<div align=""center"" class=""picDiv"">\r\n\t\t\t<ul>\r\n\t\t\t\t<li id=""unLi"" class=""unLi""><img src=""../img/login/username.png""><input class=""text"" id=""userName"" type=""text"" maxlength=""15"" placeholder=""Username"" autocomplete=""off""/></li>\r\n\t\t\t\t<li class=""blank""></li>\r\n\t\t\t\t<li id=""pwLi"" class=""pwLi""><img src=""../img/login/password.png""><input class=""text"" id=""pcPassword"" type=""password"" maxlength=""15"" placeholder=""Password"" autocomplete=""off""/></li>\r\n\t\t\t</ul>\t\t\t\r\n\t\t\t<!--<button id=""loginBtn"" class=""loginBtn"" onclick=""PCSubWin()""></button>-->\r\n\t\t\t<label id=""loginBtn"" class=""loginBtn"" onclick=""PCSubWin()""/><span id=""loginBtnText"">Login</span></label>\r\n\t\t\t<!--\r\n\t\t\t<div>\r\n\t\t\t\t<label id=""copyright"">Copyright &copy; 2016 TP-LINK Technologies Co., Ltd. All rights reserved. </label>\r\n\t\t\t</div>\r\n\t\t\t-->\r\n\t\t</div>\r\n\t</div>\r\n</div>\r\n<iframe id=""qrFrame"" name=qrFrame marginWidth=0 marginHeight=0 frameBorder=\'0\' src=""../qr.htm"" noResize scrolling=no frameSpacing=0 id=""qrFrame"" style=""position:absolute;bottom:0;width:100%;height:200px;"">\r\n</iframe>\r\n</body>\r\n<script type=""text/javascript"">\r\nif (localString)\r\n{\r\n\tdocument.getElementById(""userName"").placeholder = localString[lang].USERNAME;\r\n\tdocument.getElementById(""pcPassword"").placeholder = localString[lang].PASSWORD;\r\n\tdocument.getElementById(""loginBtnText"").innerHTML = localString[lang].LOGIN;\r\n}\r\n\r\n function NewW() {\r\n\tif (newWin) newWin.close();\r\n\tnewWin = window.open(url, """", ""scrollbars=yes,resizable=yes,toolbar=yes,status=yes,menubar=yes,scrollbar=yes,location=yes"");\r\n\treturn true;\r\n}\r\nfunction ShowUrl() {\r\n\tstatus = url;\r\n\treturn true;\r\n}\r\nfunction EraseUrl() {\r\n\tstatus = """";\r\n\treturn true;\r\n}\r\nif(INCLUDE_LOGIN_GDPR_ENCRYPT)\r\n{\r\n\t$.newencryptorManager = $.encrypt.encryptManager;\r\n\t$.newencryptorManager.cleanStorage();\r\n\t$.Iencryptor = $.newencryptorManager.genEncryptor();\r\n}\r\n</script>\r\n</html>\r\n<script type=""text/javascript""> var authTimes=5; var forbidTime=0; var modelName=""Archer C20""; var modelDesc=""\xd0\x94\xd0\xb2\xd1\x83\xd1\x85\xd0\xb4\xd0\xb8\xd0\xb0\xd0\xbf\xd0\xb0\xd0\xb7\xd0\xbe\xd0\xbd\xd0\xbd\xd1\x8b\xd0\xb9 \xd0\xb1\xd0\xb5\xd1\x81\xd0\xbf\xd1\x80\xd0\xbe\xd0\xb2\xd0\xbe\xd0\xb4\xd0\xbd\xd0\xbe\xd0\xb9 \xd0\xbc\xd0\xb0\xd1\x80\xd1\x88\xd1\x80\xd1\x83\xd1\x82\xd0\xb8\xd0\xb7\xd0\xb0\xd1\x82\xd0\xbe\xd1\x80 AC750 ""; var forbidAdminLogin=0; var forbidUserLogin=0; var usernameIsAdmin=1;</script>'",2022-05-03 21:38:27.094300,0.0
RES_33_P8080,31.47.126.37:80,b'<html><head><title>403 Forbidden</title></head><body><center><h1>403 Forbidden</h1></center></body></html>',2022-05-03 21:38:27.410699,0.0999999999999999
RES_39_P8080,31.47.126.37:80,b'<html><head><title>403 Forbidden</title></head><body><center><h1>403 Forbidden</h1></center></body></html>',2022-05-03 21:38:29.402967,0.0
RES_42_P8080,58.162.228.234:80,"b'\xef\xbb\xbf<!doctype html>\r\n<head>\r\n<meta http-equiv=""Content-Type"" content=""text/html; charset=utf-8"" />\r\n<title>index</title>\r\n<script type=""text/javascript"" src=""doc/script/jquery-1.7.1.min.js""></script>\r\n<script type=""text/javascript"" src=""doc/script/jquery.cookie.js""></script>\r\n<script>\r\nfunction initIndex() {\r\n\tif (navigator.appName == \'Netscape\' || navigator.appName == ""Opera"") {\r\n\t\tvar sysLanguage= navigator.language.toLowerCase();\r\n\t} else {\r\n\t\tvar sysLanguage= navigator.browserLanguage.toLowerCase();\r\n\t}\r\n\tvar szLanguage = sysLanguage.substring(0,2);\r\n\t$.cookie(\'language\', szLanguage);\r\n\tself.moveTo(0,0);   //\xe4\xbd\xbf\xe5\x85\xb6IE\xe7\xaa\x97\xe5\x8f\xa3\xe6\x9c\x80\xe5\xa4\xa7\xe5\x8c\x96\r\n\tself.resizeTo(screen.availWidth,screen.availHeight); \r\n\t$.cookie(\'updateTips\', \'true\');\r\n\twindow.location.href = ""doc/page/login.asp"";\r\n}\r\n</script> \r\n</head>\r\n<body onLoad=""initIndex()""></body>\r\n</html>'",2022-05-03 21:40:56.371853,0.0
RES_43_P8080,58.162.228.234:80,b'<html><head><title>Document Error: Site or Page Not Found</title></head>\r\n\t\t<body><h2>Access Error: Site or Page Not Found</h2>\r\n\t\t<p>Cannot open URL</p></body></html>\r\n\r\n',2022-05-03 21:40:56.844640,0.1799999999999998
RES_44_P8080,58.162.228.234:80,b'<html><head><title>Document Error: Site or Page Not Found</title></head>\r\n\t\t<body><h2>Access Error: Site or Page Not Found</h2>\r\n\t\t<p>Cannot open URL</p></body></html>\r\n\r\n',2022-05-03 21:40:57.286743,0.1299999999999999
RES_45_P8080,58.162.228.234:80,b'<html><head><title>Document Error: Site or Page Not Found</title></head>\r\n\t\t<body><h2>Access Error: Site or Page Not Found</h2>\r\n\t\t<p>Cannot open URL</p></body></html>\r\n\r\n',2022-05-03 21:40:57.724413,0.0
RES_46_P8080,58.162.228.234:80,b'<html><head><title>Document Error: Site or Page Not Found</title></head>\r\n\t\t<body><h2>Access Error: Site or Page Not Found</h2>\r\n\t\t<p>Cannot open URL</p></body></html>\r\n\r\n',2022-05-03 21:40:58.176354,0.0999999999999999
RES_47_P8080,58.162.228.234:80,b'<html><head><title>Document Error: Site or Page Not Found</title></head>\r\n\t\t<body><h2>Access Error: Site or Page Not Found</h2>\r\n\t\t<p>Cannot open URL</p></body></html>\r\n\r\n',2022-05-03 21:40:58.614633,0.0999999999999999
RES_48_P8080,58.162.228.234:80,b'<html><head><title>Document Error: Site or Page Not Found</title></head>\r\n\t\t<body><h2>Access Error: Site or Page Not Found</h2>\r\n\t\t<p>Cannot open URL</p></body></html>\r\n\r\n',2022-05-03 21:40:59.052586,0.0999999999999999
RES_49_P8080,58.162.228.234:80,b'<html><head><title>Document Error: Page not found</title></head>\r\n\t\t<body><h2>Access Error: Page not found</h2>\r\n\t\t<p>Bad request</p></body></html>\r\n\r\n',2022-05-03 21:40:59.491611,0.0999999999999999
RES_50_P8080,58.162.228.234:80,b'<html><head><title>Document Error: Site or Page Not Found</title></head>\r\n\t\t<body><h2>Access Error: Site or Page Not Found</h2>\r\n\t\t<p>Cannot open URL</p></body></html>\r\n\r\n',2022-05-03 21:40:59.939103,0.0
RES_51_P8080,58.162.228.234:80,b'<html><head><title>Document Error: Site or Page Not Found</title></head>\r\n\t\t<body><h2>Access Error: Site or Page Not Found</h2>\r\n\t\t<p>Cannot open URL</p></body></html>\r\n\r\n',2022-05-03 21:41:00.389286,0.1799999999999998
RES_52_P8080,109.247.79.6:80,"b'<!DOCTYPE html PUBLIC ""-//W3C//DTD XHTML 1.0 Strict//EN""""http://www.w3.org/TR/xhtml1/DTD/xhtml1-strict.dtd""><html xmlns=""http://www.w3.org/1999/xhtml"" lang=""en"" xml:lang=""en""><head><title>File not found!</title><style type=""text/css""><!--/*--><![CDATA[/*><!--*/ body { color: #000000; background-color: #FFFFFF; }span.url { text-decoration: underline; }p {margin-left: 3em;}span.server {font-size: smaller;}/*]]>*/--></style></head><body><h1>File not found!</h1><p>The requested URL <span class=""url"">&#x2F;script </span> was not found on this server.</p><p>If you entered the URL manually please check your spelling and try again.</p><h2>Error 404</h2><p><span class=""server"">SonicWall Server</span></p></body></html>'",2022-05-10 11:22:51.503680,0.0999999999999999
RES_53_P8080,109.247.79.6:80,"b'<!DOCTYPE html PUBLIC ""-//W3C//DTD XHTML 1.0 Strict//EN""""http://www.w3.org/TR/xhtml1/DTD/xhtml1-strict.dtd""><html xmlns=""http://www.w3.org/1999/xhtml"" lang=""en"" xml:lang=""en""><head><title>File not found!</title><style type=""text/css""><!--/*--><![CDATA[/*><!--*/ body { color: #000000; background-color: #FFFFFF; }span.url { text-decoration: underline; }p {margin-left: 3em;}span.server {font-size: smaller;}/*]]>*/--></style></head><body><h1>File not found!</h1><p>The requested URL <span class=""url"">&#x2F;securityRealm</span> was not found on this server.</p><p>If you entered the URL manually please check your spelling and try again.</p><h2>Error 404</h2><p><span class=""server"">SonicWall Server</span></p></body></html>'",2022-05-10 11:22:51.729296,0.0
RES_54_P8080,109.247.79.6:80,"b'<!DOCTYPE html PUBLIC ""-//W3C//DTD XHTML 1.0 Strict//EN""""http://www.w3.org/TR/xhtml1/DTD/xhtml1-strict.dtd""><html xmlns=""http://www.w3.org/1999/xhtml"" lang=""en"" xml:lang=""en""><head><title>File not found!</title><style type=""text/css""><!--/*--><![CDATA[/*><!--*/ body { color: #000000; background-color: #FFFFFF; }span.url { text-decoration: underline; }p {margin-left: 3em;}span.server {font-size: smaller;}/*]]>*/--></style></head><body><h1>File not found!</h1><p>The requested URL <span class=""url"">&#x2F;mifs</span> was not found on this server.</p><p>If you entered the URL manually please check your spelling and try again.</p><h2>Error 404</h2><p><span class=""server"">SonicWall Server</span></p></body></html>'",2022-05-10 11:22:52.179110,0.0999999999999999
RES_55_P8080,109.247.79.6:80,"b'<!DOCTYPE html PUBLIC ""-//W3C//DTD XHTML 1.0 Strict//EN""""http://www.w3.org/TR/xhtml1/DTD/xhtml1-strict.dtd""><html xmlns=""http://www.w3.org/1999/xhtml"" lang=""en"" xml:lang=""en""><head><title>File not found!</title><style type=""text/css""><!--/*--><![CDATA[/*><!--*/ body { color: #000000; background-color: #FFFFFF; }span.url { text-decoration: underline; }p {margin-left: 3em;}span.server {font-size: smaller;}/*]]>*/--></style></head><body><h1>File not found!</h1><p>The requested URL <span class=""url"">&#x2F;manager</span> was not found on this server.</p><p>If you entered the URL manually please check your spelling and try again.</p><h2>Error 404</h2><p><span class=""server"">SonicWall Server</span></p></body></html>'",2022-05-10 11:22:52.868198,0.0
RES_56_P8080,109.247.79.6:80,"b'<!DOCTYPE html PUBLIC ""-//W3C//DTD XHTML 1.0 Strict//EN""""http://www.w3.org/TR/xhtml1/DTD/xhtml1-strict.dtd""><html xmlns=""http://www.w3.org/1999/xhtml"" lang=""en"" xml:lang=""en""><head><title>File not found!</title><style type=""text/css""><!--/*--><![CDATA[/*><!--*/ body { color: #000000; background-color: #FFFFFF; }span.url { text-decoration: underline; }p {margin-left: 3em;}span.server {font-size: smaller;}/*]]>*/--></style></head><body><h1>File not found!</h1><p>The requested URL <span class=""url"">&#x2F;</span> was not found on this server.</p><p>If you entered the URL manually please check your spelling and try again.</p><h2>Error 404</h2><p><span class=""server"">SonicWall Server</span></p></body></html>'",2022-05-10 11:22:54.011381,0.0999999999999999
RES_57_P8080,109.247.79.6:80,"b'<!DOCTYPE html PUBLIC ""-//W3C//DTD XHTML 1.0 Strict//EN""""http://www.w3.org/TR/xhtml1/DTD/xhtml1-strict.dtd""><html xmlns=""http://www.w3.org/1999/xhtml"" lang=""en"" xml:lang=""en""><head><title>File not found!</title><style type=""text/css""><!--/*--><![CDATA[/*><!--*/ body { color: #000000; background-color: #FFFFFF; }span.url { text-decoration: underline; }p {margin-left: 3em;}span.server {font-size: smaller;}/*]]>*/--></style></head><body><h1>File not found!</h1><p>The requested URL <span class=""url"">&#x2F;actuator</span> was not found on this server.</p><p>If you entered the URL manually please check your spelling and try again.</p><h2>Error 404</h2><p><span class=""server"">SonicWall Server</span></p></body></html>'",2022-05-10 11:22:55.824079,0.03
RES_32_P8080,2.27.7.110:7547,b'<HEAD><TITLE>401 Unauthorized</TITLE></HEAD>\n<BODY><H1>401 Unauthorized</H1>\nThe requested method needs authorization.\n</BODY>\n',2022-05-11 14:13:34.506415,0.0
RES_33_P8080,109.247.79.6:80,"b'<!DOCTYPE html PUBLIC ""-//W3C//DTD XHTML 1.0 Strict//EN""""http://www.w3.org/TR/xhtml1/DTD/xhtml1-strict.dtd""><html xmlns=""http://www.w3.org/1999/xhtml"" lang=""en"" xml:lang=""en""><head><title>File not found!</title><style type=""text/css""><!--/*--><![CDATA[/*><!--*/ body { color: #000000; background-color: #FFFFFF; }span.url { text-decoration: underline; }p {margin-left: 3em;}span.server {font-size: smaller;}/*]]>*/--></style></head><body><h1>File not found!</h1><p>The requested URL <span class=""url"">&#x2F;invoker</span> was not found on this server.</p><p>If you entered the URL manually please check your spelling and try again.</p><h2>Error 404</h2><p><span class=""server"">SonicWall Server</span></p></body></html>'",2022-05-14 13:50:05.075983,0.0999999999999999
RES_34_P8080,109.247.79.6:80,"b'<!DOCTYPE html PUBLIC ""-//W3C//DTD XHTML 1.0 Strict//EN""""http://www.w3.org/TR/xhtml1/DTD/xhtml1-strict.dtd""><html xmlns=""http://www.w3.org/1999/xhtml"" lang=""en"" xml:lang=""en""><head><title>File not found!</title><style type=""text/css""><!--/*--><![CDATA[/*><!--*/ body { color: #000000; background-color: #FFFFFF; }span.url { text-decoration: underline; }p {margin-left: 3em;}span.server {font-size: smaller;}/*]]>*/--></style></head><body><h1>File not found!</h1><p>The requested URL <span class=""url"">&#x2F;Mozi.a;chmod 777 Mozi.a;</span> was not found on this server.</p><p>If you entered the URL manually please check your spelling and try again.</p><h2>Error 404</h2><p><span class=""server"">SonicWall Server</span></p></body></html>'",2022-05-14 13:50:07.846393,0.0999999999999999
RES_35_P8080,109.247.79.6:80,"b'<!DOCTYPE html PUBLIC ""-//W3C//DTD XHTML 1.0 Strict//EN""""http://www.w3.org/TR/xhtml1/DTD/xhtml1-strict.dtd""><html xmlns=""http://www.w3.org/1999/xhtml"" lang=""en"" xml:lang=""en""><head><title>File not found!</title><style type=""text/css""><!--/*--><![CDATA[/*><!--*/ body { color: #000000; background-color: #FFFFFF; }span.url { text-decoration: underline; }p {margin-left: 3em;}span.server {font-size: smaller;}/*]]>*/--></style></head><body><h1>File not found!</h1><p>The requested URL <span class=""url"">&#x2F;TP</span> was not found on this server.</p><p>If you entered the URL manually please check your spelling and try again.</p><h2>Error 404</h2><p><span class=""server"">SonicWall Server</span></p></body></html>'",2022-05-14 13:50:10.590231,0.0999999999999999
RES_36_P8080,109.247.79.6:80,"b'<!DOCTYPE html PUBLIC ""-//W3C//DTD XHTML 1.0 Strict//EN""""http://www.w3.org/TR/xhtml1/DTD/xhtml1-strict.dtd""><html xmlns=""http://www.w3.org/1999/xhtml"" lang=""en"" xml:lang=""en""><head><title>File not found!</title><style type=""text/css""><!--/*--><![CDATA[/*><!--*/ body { color: #000000; background-color: #FFFFFF; }span.url { text-decoration: underline; }p {margin-left: 3em;}span.server {font-size: smaller;}/*]]>*/--></style></head><body><h1>File not found!</h1><p>The requested URL <span class=""url"">&#x2F;users</span> was not found on this server.</p><p>If you entered the URL manually please check your spelling and try again.</p><h2>Error 404</h2><p><span class=""server"">SonicWall Server</span></p></body></html>'",2022-05-14 13:50:10.908195,0.0999999999999999
RES_37_P8080,109.247.79.6:80,"b'<!DOCTYPE html PUBLIC ""-//W3C//DTD XHTML 1.0 Strict//EN""""http://www.w3.org/TR/xhtml1/DTD/xhtml1-strict.dtd""><html xmlns=""http://www.w3.org/1999/xhtml"" lang=""en"" xml:lang=""en""><head><title>File not found!</title><style type=""text/css""><!--/*--><![CDATA[/*><!--*/ body { color: #000000; background-color: #FFFFFF; }span.url { text-decoration: underline; }p {margin-left: 3em;}span.server {font-size: smaller;}/*]]>*/--></style></head><body><h1>File not found!</h1><p>The requested URL <span class=""url"">&#x2F;config</span> was not found on this server.</p><p>If you entered the URL manually please check your spelling and try again.</p><h2>Error 404</h2><p><span class=""server"">SonicWall Server</span></p></body></html>'",2022-05-14 13:50:12.874783,0.0999999999999999
RES_38_P8080,109.247.79.6:80,"b'<!DOCTYPE html PUBLIC ""-//W3C//DTD XHTML 1.0 Strict//EN""""http://www.w3.org/TR/xhtml1/DTD/xhtml1-strict.dtd""><html xmlns=""http://www.w3.org/1999/xhtml"" lang=""en"" xml:lang=""en""><head><title>File not found!</title><style type=""text/css""><!--/*--><![CDATA[/*><!--*/ body { color: #000000; background-color: #FFFFFF; }span.url { text-decoration: underline; }p {margin-left: 3em;}span.server {font-size: smaller;}/*]]>*/--></style></head><body><h1>File not found!</h1><p>The requested URL <span class=""url"">&#x2F;Mozi.m -O </span> was not found on this server.</p><p>If you entered the URL manually please check your spelling and try again.</p><h2>Error 404</h2><p><span class=""server"">SonicWall Server</span></p></body></html>'",2022-05-14 13:50:14.843665,0.18
RES_39_P8080,109.247.79.6:80,"b'<!DOCTYPE html PUBLIC ""-//W3C//DTD XHTML 1.0 Strict//EN""""http://www.w3.org/TR/xhtml1/DTD/xhtml1-strict.dtd""><html xmlns=""http://www.w3.org/1999/xhtml"" lang=""en"" xml:lang=""en""><head><title>File not found!</title><style type=""text/css""><!--/*--><![CDATA[/*><!--*/ body { color: #000000; background-color: #FFFFFF; }span.url { text-decoration: underline; }p {margin-left: 3em;}span.server {font-size: smaller;}/*]]>*/--></style></head><body><h1>File not found!</h1><p>The requested URL <span class=""url"">&#x2F;&#92;xc0 &#92;xc00&#92;xc0,&#92;xc0&#92;x11&#92;xc0&#92;x07&#92;xc0&#x27;&#92;xc0</span> was not found on this server.</p><p>If you entered the URL manually please check your spelling and try again.</p><h2>Error 404</h2><p><span class=""server"">SonicWall Server</span></p></body></html>'",2022-05-14 13:50:15.180204,0.0
RES_40_P8080,109.247.79.6:80,"b'<!DOCTYPE html PUBLIC ""-//W3C//DTD XHTML 1.0 Strict//EN""""http://www.w3.org/TR/xhtml1/DTD/xhtml1-strict.dtd""><html xmlns=""http://www.w3.org/1999/xhtml"" lang=""en"" xml:lang=""en""><head><title>File not found!</title><style type=""text/css""><!--/*--><![CDATA[/*><!--*/ body { color: #000000; background-color: #FFFFFF; }span.url { text-decoration: underline; }p {margin-left: 3em;}span.server {font-size: smaller;}/*]]>*/--></style></head><body><h1>File not found!</h1><p>The requested URL <span class=""url"">&#x2F;login</span> was not found on this server.</p><p>If you entered the URL manually please check your spelling and try again.</p><h2>Error 404</h2><p><span class=""server"">SonicWall Server</span></p></body></html>'",2022-05-14 13:50:16.168156,0.0999999999999999
RES_41_P8080,109.247.79.6:80,"b'<!DOCTYPE html PUBLIC ""-//W3C//DTD XHTML 1.0 Strict//EN""""http://www.w3.org/TR/xhtml1/DTD/xhtml1-strict.dtd""><html xmlns=""http://www.w3.org/1999/xhtml"" lang=""en"" xml:lang=""en""><head><title>File not found!</title><style type=""text/css""><!--/*--><![CDATA[/*><!--*/ body { color: #000000; background-color: #FFFFFF; }span.url { text-decoration: underline; }p {margin-left: 3em;}span.server {font-size: smaller;}/*]]>*/--></style></head><body><h1>File not found!</h1><p>The requested URL <span class=""url"">&#x2F;favicon.ico </span> was not found on this server.</p><p>If you entered the URL manually please check your spelling and try again.</p><h2>Error 404</h2><p><span class=""server"">SonicWall Server</span></p></body></html>'",2022-05-14 13:50:16.914816,0.0999999999999999
RES_42_P8080,109.247.79.6:80,"b'<!DOCTYPE html PUBLIC ""-//W3C//DTD XHTML 1.0 Strict//EN""""http://www.w3.org/TR/xhtml1/DTD/xhtml1-strict.dtd""><html xmlns=""http://www.w3.org/1999/xhtml"" lang=""en"" xml:lang=""en""><head><title>File not found!</title><style type=""text/css""><!--/*--><![CDATA[/*><!--*/ body { color: #000000; background-color: #FFFFFF; }span.url { text-decoration: underline; }p {margin-left: 3em;}span.server {font-size: smaller;}/*]]>*/--></style></head><body><h1>File not found!</h1><p>The requested URL <span class=""url"">&#x2F;&#92;x04&#92;x01&#92;x00Ph&#92;x12sa&#92;x00</span> was not found on this server.</p><p>If you entered the URL manually please check your spelling and try again.</p><h2>Error 404</h2><p><span class=""server"">SonicWall Server</span></p></body></html>'",2022-05-14 13:50:18.564961,0.0
RES_43_P8080,109.247.79.6:80,"b'<!DOCTYPE html PUBLIC ""-//W3C//DTD XHTML 1.0 Strict//EN""""http://www.w3.org/TR/xhtml1/DTD/xhtml1-strict.dtd""><html xmlns=""http://www.w3.org/1999/xhtml"" lang=""en"" xml:lang=""en""><head><title>File not found!</title><style type=""text/css""><!--/*--><![CDATA[/*><!--*/ body { color: #000000; background-color: #FFFFFF; }span.url { text-decoration: underline; }p {margin-left: 3em;}span.server {font-size: smaller;}/*]]>*/--></style></head><body><h1>File not found!</h1><p>The requested URL <span class=""url"">&#x2F;CONNECT 198.50.131.156:80 </span> was not found on this server.</p><p>If you entered the URL manually please check your spelling and try again.</p><h2>Error 404</h2><p><span class=""server"">SonicWall Server</span></p></body></html>'",2022-05-14 13:50:19.548582,0.1799999999999998
RES_44_P8080,109.247.79.6:80,"b'<!DOCTYPE html PUBLIC ""-//W3C//DTD XHTML 1.0 Strict//EN""""http://www.w3.org/TR/xhtml1/DTD/xhtml1-strict.dtd""><html xmlns=""http://www.w3.org/1999/xhtml"" lang=""en"" xml:lang=""en""><head><title>File not found!</title><style type=""text/css""><!--/*--><![CDATA[/*><!--*/ body { color: #000000; background-color: #FFFFFF; }span.url { text-decoration: underline; }p {margin-left: 3em;}span.server {font-size: smaller;}/*]]>*/--></style></head><body><h1>File not found!</h1><p>The requested URL <span class=""url"">&#x2F;showLogin.cc </span> was not found on this server.</p><p>If you entered the URL manually please check your spelling and try again.</p><h2>Error 404</h2><p><span class=""server"">SonicWall Server</span></p></body></html>'",2022-05-14 13:50:22.203383,0.1299999999999999
RES_45_P8080,109.247.79.6:80,"b'<!DOCTYPE html PUBLIC ""-//W3C//DTD XHTML 1.0 Strict//EN""""http://www.w3.org/TR/xhtml1/DTD/xhtml1-strict.dtd""><html xmlns=""http://www.w3.org/1999/xhtml"" lang=""en"" xml:lang=""en""><head><title>File not found!</title><style type=""text/css""><!--/*--><![CDATA[/*><!--*/ body { color: #000000; background-color: #FFFFFF; }span.url { text-decoration: underline; }p {margin-left: 3em;}span.server {font-size: smaller;}/*]]>*/--></style></head><body><h1>File not found!</h1><p>The requested URL <span class=""url"">&#x2F;echo.php</span> was not found on this server.</p><p>If you entered the URL manually please check your spelling and try again.</p><h2>Error 404</h2><p><span class=""server"">SonicWall Server</span></p></body></html>'",2022-05-14 13:50:22.857809,0.0
RES_46_P8080,109.247.79.6:80,"b'<!DOCTYPE html PUBLIC ""-//W3C//DTD XHTML 1.0 Strict//EN""""http://www.w3.org/TR/xhtml1/DTD/xhtml1-strict.dtd""><html xmlns=""http://www.w3.org/1999/xhtml"" lang=""en"" xml:lang=""en""><head><title>File not found!</title><style type=""text/css""><!--/*--><![CDATA[/*><!--*/ body { color: #000000; background-color: #FFFFFF; }span.url { text-decoration: underline; }p {margin-left: 3em;}span.server {font-size: smaller;}/*]]>*/--></style></head><body><h1>File not found!</h1><p>The requested URL <span class=""url"">&#x2F;&#92;x00&#92;x9c&#92;x00&#92;x01&#92;x1a &lt;M&#92;x00&#92;x01&#92;x00&#92;x00&#92;x01&#92;x00&#92;x00&#92;x00&#92;x00&#92;x00&#92;x00&#92;x01&#92;x00&#92;x00&#92;x00&#92;x01&#92;x00&#92;x00&#92;n(&#92;x00&#92;x00&#92;x00&#92;x00&#92;x00&#92;x00&#92;x00&#92;x00&#92;x00&#92;x00&#92;x00&#92;x00&#92;x00&#92;x00&#92;x00&#92;x00&#92;x00&#92;x00&#92;x00&#92;x00&#92;x00&#92;x00&#92;x00&#92;x00&#92;x00&#92;x00&#92;x00&#92;x00&#92;x00&#92;x00&#92;x00&#92;x00&#92;x00&#92;x00&#92;x00&#92;x00&#92;x00&#92;x00&#92;x00&#92;x00&#92;x00&#92;x00&#92;x00&#92;x00&#92;x00&#92;x00&#92;x00&#92;x00&#92;x00&#92;x00&#92;x00&#92;x00&#92;x00&#92;x00&#92;x00&#92;x00&#92;x00&#92;x00&#92;x00&#92;x00&#92;x00&#92;x00&#92;x00&#92;x00&#92;x00&#92;x00&#92;x00&#92;x00&#92;x00&#92;x00&#92;x00&#92;x00&#92;x00&#92;x00&#92;x00&#92;x00&#92;x00&#92;x00&#92;x00&#92;x00&#92;x00&#92;x00&#92;x00&#92;x00&#92;x00&#92;x00&#92;x00&#92;x00&#92;x00&#92;x00&#92;x00&#92;x00&#92;x00&#92;x00&#92;x00&#92;x00&#92;x00&#92;x00&#92;x00&#92;x00&#92;x00&#92;x00&#92;x00&#92;x00&#92;x00&#92;x00&#92;x00&#92;x00&#92;x00&#92;x00&#92;x00&#92;x00&#92;x00&#92;x00&#92;x00&#92;x00&#92;x00&#92;x00&#92;x00&#92;x00&#92;x00&#92;x00&#92;x00&#92;x00&#92;x00&#92;x00&#92;x00&#92;x00</span> was not found on this server.</p><p>If you entered the URL manually please check your spelling and try again.</p><h2>Error 404</h2><p><span class=""server"">SonicWall Server</span></p></body></html>'",2022-05-14 13:50:23.178685,0.0999999999999999
RES_47_P8080,109.247.79.6:80,"b'<!DOCTYPE html PUBLIC ""-//W3C//DTD XHTML 1.0 Strict//EN""""http://www.w3.org/TR/xhtml1/DTD/xhtml1-strict.dtd""><html xmlns=""http://www.w3.org/1999/xhtml"" lang=""en"" xml:lang=""en""><head><title>File not found!</title><style type=""text/css""><!--/*--><![CDATA[/*><!--*/ body { color: #000000; background-color: #FFFFFF; }span.url { text-decoration: underline; }p {margin-left: 3em;}span.server {font-size: smaller;}/*]]>*/--></style></head><body><h1>File not found!</h1><p>The requested URL <span class=""url"">&#x2F;&#92;x05&#92;x02&#92;x00&#92;x02</span> was not found on this server.</p><p>If you entered the URL manually please check your spelling and try again.</p><h2>Error 404</h2><p><span class=""server"">SonicWall Server</span></p></body></html>'",2022-05-14 13:50:23.497676,0.0999999999999999
RES_48_P8080,109.247.79.6:80,"b'<!DOCTYPE html PUBLIC ""-//W3C//DTD XHTML 1.0 Strict//EN""""http://www.w3.org/TR/xhtml1/DTD/xhtml1-strict.dtd""><html xmlns=""http://www.w3.org/1999/xhtml"" lang=""en"" xml:lang=""en""><head><title>File not found!</title><style type=""text/css""><!--/*--><![CDATA[/*><!--*/ body { color: #000000; background-color: #FFFFFF; }span.url { text-decoration: underline; }p {margin-left: 3em;}span.server {font-size: smaller;}/*]]>*/--></style></head><body><h1>File not found!</h1><p>The requested URL <span class=""url"">&#x2F;&#92;x04&#92;x01&#92;x1f&#92;x00&#92;x00&#92;x00&#92;x00&#92;x00&#92;x00</span> was not found on this server.</p><p>If you entered the URL manually please check your spelling and try again.</p><h2>Error 404</h2><p><span class=""server"">SonicWall Server</span></p></body></html>'",2022-05-14 13:50:24.286048,0.0999999999999999
RES_49_P8080,109.247.79.6:80,"b'<!DOCTYPE html PUBLIC ""-//W3C//DTD XHTML 1.0 Strict//EN""""http://www.w3.org/TR/xhtml1/DTD/xhtml1-strict.dtd""><html xmlns=""http://www.w3.org/1999/xhtml"" lang=""en"" xml:lang=""en""><head><title>File not found!</title><style type=""text/css""><!--/*--><![CDATA[/*><!--*/ body { color: #000000; background-color: #FFFFFF; }span.url { text-decoration: underline; }p {margin-left: 3em;}span.server {font-size: smaller;}/*]]>*/--></style></head><body><h1>File not found!</h1><p>The requested URL <span class=""url"">&#x2F;version </span> was not found on this server.</p><p>If you entered the URL manually please check your spelling and try again.</p><h2>Error 404</h2><p><span class=""server"">SonicWall Server</span></p></body></html>'",2022-05-14 13:50:26.044504,0.0999999999999999
RES_50_P8080,109.247.79.6:80,"b'<!DOCTYPE html PUBLIC ""-//W3C//DTD XHTML 1.0 Strict//EN""""http://www.w3.org/TR/xhtml1/DTD/xhtml1-strict.dtd""><html xmlns=""http://www.w3.org/1999/xhtml"" lang=""en"" xml:lang=""en""><head><title>File not found!</title><style type=""text/css""><!--/*--><![CDATA[/*><!--*/ body { color: #000000; background-color: #FFFFFF; }span.url { text-decoration: underline; }p {margin-left: 3em;}span.server {font-size: smaller;}/*]]>*/--></style></head><body><h1>File not found!</h1><p>The requested URL <span class=""url"">&#x2F;hudson </span> was not found on this server.</p><p>If you entered the URL manually please check your spelling and try again.</p><h2>Error 404</h2><p><span class=""server"">SonicWall Server</span></p></body></html>'",2022-05-14 13:50:26.697978,0.0
RES_51_P8080,109.247.79.6:80,"b'<!DOCTYPE html PUBLIC ""-//W3C//DTD XHTML 1.0 Strict//EN""""http://www.w3.org/TR/xhtml1/DTD/xhtml1-strict.dtd""><html xmlns=""http://www.w3.org/1999/xhtml"" lang=""en"" xml:lang=""en""><head><title>File not found!</title><style type=""text/css""><!--/*--><![CDATA[/*><!--*/ body { color: #000000; background-color: #FFFFFF; }span.url { text-decoration: underline; }p {margin-left: 3em;}span.server {font-size: smaller;}/*]]>*/--></style></head><body><h1>File not found!</h1><p>The requested URL <span class=""url"">&#x2F;CONNECT 188.246.204.244:80 </span> was not found on this server.</p><p>If you entered the URL manually please check your spelling and try again.</p><h2>Error 404</h2><p><span class=""server"">SonicWall Server</span></p></body></html>'",2022-05-14 13:50:30.661335,0.1799999999999998
RES_52_P8080,109.247.79.6:80,"b'<!DOCTYPE html PUBLIC ""-//W3C//DTD XHTML 1.0 Strict//EN""""http://www.w3.org/TR/xhtml1/DTD/xhtml1-strict.dtd""><html xmlns=""http://www.w3.org/1999/xhtml"" lang=""en"" xml:lang=""en""><head><title>File not found!</title><style type=""text/css""><!--/*--><![CDATA[/*><!--*/ body { color: #000000; background-color: #FFFFFF; }span.url { text-decoration: underline; }p {margin-left: 3em;}span.server {font-size: smaller;}/*]]>*/--></style></head><body><h1>File not found!</h1><p>The requested URL <span class=""url"">&#x2F;MGLNDD_54.91.30.20_8080&#92;n</span> was not found on this server.</p><p>If you entered the URL manually please check your spelling and try again.</p><h2>Error 404</h2><p><span class=""server"">SonicWall Server</span></p></body></html>'",2022-05-14 13:50:32.273557,0.0999999999999999
RES_53_P8080,75.147.201.173:80,"b'<!DOCTYPE HTML PUBLIC ""-//W3C//DTD HTML 4.0 Transitional//EN"">\r\n<html>\r\n<head>\r\n<meta http-equiv=""Content-Type"" content=""text/html"">\r\n<title>Document Moved</title>\r\n<meta name=""id"" content=""docJump"" >\r\n<link rel=stylesheet href=""swl_styles-5.0o-1160868270.css"" TYPE=""text/css"">\r\n<script type=""text/JavaScript"">\r\nsetTimeout(""goJump();"", 1000);\r\nfunction goJump() {\r\n\tvar jumpURL = ""https://75.147.201.173/auth.html"";\r\n\tvar jumpProt = jumpURL.substr(0,6).toLowerCase();\r\n\tvar ix;\r\n\tif (jumpProt.substr(0,4) == ""http"" && (ix = jumpProt.indexOf("":"")) != -1) {\r\n\t\tjumpProt = jumpProt.substr(0,ix+1);\r\n\t\tif (location.protocol.toLowerCase() != jumpProt) {\r\n\t\t\twindow.opener = null;\r\n\t\t\ttop.opener = null;\r\n\t\t}\r\n\t}\r\n\ttop.location.href = jumpURL;\r\n}\r\n</script>\r\n</head>\r\n<body bgcolor=""#FFFFFF"" leftmargin=""0"" topmargin=""0"" rightmargin=""0"" marginwidth=""0"" marginheight=""0"" class=""popup_error_bg"">\r\n<div align=""center""><br>\r\n\t<br>\r\n\t<table width=""400""  border=""0"" cellpadding=""1"" cellspacing=""0"" bgcolor=""#CCCCCC"" summary="""">\r\n\t\t<tr>\r\n\t\t\t<td>\r\n\t\t\t\t<table width=""100&#37;""  border=""0"" cellpadding=""20"" cellspacing=""0"" bgcolor=""#FFFFFF"" summary="""">\r\n\t\t\t\t\t<tr>\r\n\t\t\t\t\t\t<td>Please be patient as you are being re-directed to <a href=""https://75.147.201.173/auth.html"" target=""_top"">a secure login page</a></td>\r\n\t\t\t\t\t</tr>\r\n\t\t\t\t</table>\r\n\t\t\t</td>\r\n\t\t</tr>\r\n\t</table>\r\n</div>\r\n</body>\r\n</html>'",2022-05-14 14:06:54.426971,0.0
RES_54_P8080,75.147.201.173:80,b'<HTML><HEAD><TITLE>File Not Found</TITLE></HEAD>\r\n<BODY><H1>File Not Found</H1>\r\nThe requested URL was not found on this server: /admin\r\n<P>\r\n</BODY></HTML>',2022-05-14 14:06:54.635870,0.0999999999999999
RES_55_P8080,75.147.201.173:80,b'<HTML><HEAD><TITLE>File Not Found</TITLE></HEAD>\r\n<BODY><H1>File Not Found</H1>\r\nThe requested URL was not found on this server: / \r\n<P>\r\n</BODY></HTML>',2022-05-14 14:06:54.851201,0.0
RES_56_P8080,75.147.201.173:80,b'<HTML><HEAD><TITLE>File Not Found</TITLE></HEAD>\r\n<BODY><H1>File Not Found</H1>\r\nThe requested URL was not found on this server: /\\xc0 \\xc01\\xc0-\\x00\\xa5\\x00\\xa3\\x00\\xa1\\x00\\x9f\\x00\\xa4\\x00\\xa2\\x00\\xa0\\x00\\x9e\\xc0(\\xc0$\\xc0\\x14\\xc0\\n\\xc0*\\xc0&amp;\\xc0\\x0f\\xc0\\x05\\x00k\\x00j\\x00i\\x00h\\x009\\x008\\x007\\x006\\xc0\\\r\n<P>\r\n</BODY></HTML>',2022-05-14 14:06:55.876328,0.0999999999999999
RES_57_P8080,75.147.201.173:80,b'<HTML><HEAD><TITLE>File Not Found</TITLE></HEAD>\r\n<BODY><H1>File Not Found</H1>\r\nThe requested URL was not found on this server: /script \r\n<P>\r\n</BODY></HTML>',2022-05-14 14:06:56.533885,0.03
RES_58_P8080,75.147.201.173:80,b'<HTML><HEAD><TITLE>File Not Found</TITLE></HEAD>\r\n<BODY><H1>File Not Found</H1>\r\nThe requested URL was not found on this server: /securityRealm\r\n<P>\r\n</BODY></HTML>',2022-05-14 14:06:56.728589,0.0999999999999999
RES_59_P8080,75.147.201.173:80,b'<HTML><HEAD><TITLE>File Not Found</TITLE></HEAD>\r\n<BODY><H1>File Not Found</H1>\r\nThe requested URL was not found on this server: /mifs\r\n<P>\r\n</BODY></HTML>',2022-05-14 14:06:57.140768,0.0
RES_60_P8080,75.147.201.173:80,b'<HTML><HEAD><TITLE>File Not Found</TITLE></HEAD>\r\n<BODY><H1>File Not Found</H1>\r\nThe requested URL was not found on this server: /manager\r\n<P>\r\n</BODY></HTML>',2022-05-14 14:06:57.762215,0.3
RES_61_P8080,75.147.201.173:80,b'<HTML><HEAD><TITLE>File Not Found</TITLE></HEAD>\r\n<BODY><H1>File Not Found</H1>\r\nThe requested URL was not found on this server: /\r\n<P>\r\n</BODY></HTML>',2022-05-14 14:06:58.768119,0.0999999999999999
RES_62_P8080,75.147.201.173:80,b'<HTML><HEAD><TITLE>File Not Found</TITLE></HEAD>\r\n<BODY><H1>File Not Found</H1>\r\nThe requested URL was not found on this server: /actuator\r\n<P>\r\n</BODY></HTML>',2022-05-14 14:07:00.440237,0.0999999999999999
RES_63_P8080,75.147.201.173:80,b'<HTML><HEAD><TITLE>File Not Found</TITLE></HEAD>\r\n<BODY><H1>File Not Found</H1>\r\nThe requested URL was not found on this server: /invoker\r\n<P>\r\n</BODY></HTML>',2022-05-14 14:07:02.768051,0.2499999999999999
RES_64_P8080,75.147.201.173:80,b'<HTML><HEAD><TITLE>File Not Found</TITLE></HEAD>\r\n<BODY><H1>File Not Found</H1>\r\nThe requested URL was not found on this server: /Mozi.a;chmod 777 Mozi.a;\r\n<P>\r\n</BODY></HTML>',2022-05-14 14:07:04.422112,0.3
RES_65_P8080,75.147.201.173:80,b'<HTML><HEAD><TITLE>File Not Found</TITLE></HEAD>\r\n<BODY><H1>File Not Found</H1>\r\nThe requested URL was not found on this server: /TP\r\n<P>\r\n</BODY></HTML>',2022-05-14 14:07:06.094182,0.0999999999999999
RES_66_P8080,75.147.201.173:80,b'<HTML><HEAD><TITLE>File Not Found</TITLE></HEAD>\r\n<BODY><H1>File Not Found</H1>\r\nThe requested URL was not found on this server: /users\r\n<P>\r\n</BODY></HTML>',2022-05-14 14:07:06.306242,0.0
RES_67_P8080,75.147.201.173:80,b'<HTML><HEAD><TITLE>File Not Found</TITLE></HEAD>\r\n<BODY><H1>File Not Found</H1>\r\nThe requested URL was not found on this server: /config\r\n<P>\r\n</BODY></HTML>',2022-05-14 14:07:07.593692,0.0
RES_68_P8080,75.147.201.173:80,b'<HTML><HEAD><TITLE>File Not Found</TITLE></HEAD>\r\n<BODY><H1>File Not Found</H1>\r\nThe requested URL was not found on this server: /Mozi.m -O \r\n<P>\r\n</BODY></HTML>',2022-05-14 14:07:08.820092,0.0999999999999999
RES_69_P8080,75.147.201.173:80,"b""<HTML><HEAD><TITLE>File Not Found</TITLE></HEAD>\r\n<BODY><H1>File Not Found</H1>\r\nThe requested URL was not found on this server: /\\xc0 \\xc00\\xc0,\\xc0\\x11\\xc0\\x07\\xc0'\\xc0\r\n<P>\r\n</BODY></HTML>""",2022-05-14 14:07:09.022184,0.0999999999999999
RES_70_P8080,75.147.201.173:80,b'<HTML><HEAD><TITLE>File Not Found</TITLE></HEAD>\r\n<BODY><H1>File Not Found</H1>\r\nThe requested URL was not found on this server: /login\r\n<P>\r\n</BODY></HTML>',2022-05-14 14:07:09.668714,0.0999999999999999
RES_71_P8080,75.147.201.173:80,b'<HTML><HEAD><TITLE>File Not Found</TITLE></HEAD>\r\n<BODY><H1>File Not Found</H1>\r\nThe requested URL was not found on this server: /favicon.ico \r\n<P>\r\n</BODY></HTML>',2022-05-14 14:07:10.074707,0.0999999999999999
RES_72_P8080,75.147.201.173:80,b'<HTML><HEAD><TITLE>File Not Found</TITLE></HEAD>\r\n<BODY><H1>File Not Found</H1>\r\nThe requested URL was not found on this server: /\\x04\\x01\\x00Ph\\x12sa\\x00\r\n<P>\r\n</BODY></HTML>',2022-05-14 14:07:11.116540,0.2199999999999999
RES_73_P8080,75.147.201.173:80,b'<HTML><HEAD><TITLE>File Not Found</TITLE></HEAD>\r\n<BODY><H1>File Not Found</H1>\r\nThe requested URL was not found on this server: /CONNECT 198.50.131.156:80 \r\n<P>\r\n</BODY></HTML>',2022-05-14 14:07:11.728824,0.0999999999999999
RES_74_P8080,75.147.201.173:80,b'<HTML><HEAD><TITLE>File Not Found</TITLE></HEAD>\r\n<BODY><H1>File Not Found</H1>\r\nThe requested URL was not found on this server: /showLogin.cc \r\n<P>\r\n</BODY></HTML>',2022-05-14 14:07:13.384332,0.3
RES_75_P8080,75.147.201.173:80,b'<HTML><HEAD><TITLE>File Not Found</TITLE></HEAD>\r\n<BODY><H1>File Not Found</H1>\r\nThe requested URL was not found on this server: /echo.php\r\n<P>\r\n</BODY></HTML>',2022-05-14 14:07:13.806667,0.0999999999999999
RES_76_P8080,75.147.201.173:80,b'<HTML><HEAD><TITLE>Bad Request</TITLE></HEAD>\r\n<BODY><H1>Bad Request</H1>\r\nThe client issued a bad request.\r\n<P>\r\n</BODY></HTML>',2022-05-14 14:07:14.016057,0.0999999999999999
RES_77_P8080,75.147.201.173:80,b'<HTML><HEAD><TITLE>File Not Found</TITLE></HEAD>\r\n<BODY><H1>File Not Found</H1>\r\nThe requested URL was not found on this server: /\\x05\\x02\\x00\\x02\r\n<P>\r\n</BODY></HTML>',2022-05-14 14:07:14.213044,0.0999999999999999
RES_78_P8080,75.147.201.173:80,b'<HTML><HEAD><TITLE>File Not Found</TITLE></HEAD>\r\n<BODY><H1>File Not Found</H1>\r\nThe requested URL was not found on this server: /\\x04\\x01\\x1f\\x00\\x00\\x00\\x00\\x00\\x00\r\n<P>\r\n</BODY></HTML>',2022-05-14 14:07:14.640456,0.0999999999999999
RES_79_P8080,75.147.201.173:80,b'<HTML><HEAD><TITLE>File Not Found</TITLE></HEAD>\r\n<BODY><H1>File Not Found</H1>\r\nThe requested URL was not found on this server: /version \r\n<P>\r\n</BODY></HTML>',2022-05-14 14:07:15.676161,0.0999999999999999
RES_80_P8080,75.147.201.173:80,b'<HTML><HEAD><TITLE>File Not Found</TITLE></HEAD>\r\n<BODY><H1>File Not Found</H1>\r\nThe requested URL was not found on this server: /hudson \r\n<P>\r\n</BODY></HTML>',2022-05-14 14:07:16.081934,0.0999999999999999
RES_81_P8080,75.147.201.173:80,b'<HTML><HEAD><TITLE>File Not Found</TITLE></HEAD>\r\n<BODY><H1>File Not Found</H1>\r\nThe requested URL was not found on this server: /CONNECT 188.246.204.244:80 \r\n<P>\r\n</BODY></HTML>',2022-05-14 14:07:18.564603,0.0999999999999999
RES_82_P8080,75.147.201.173:80,b'<HTML><HEAD><TITLE>File Not Found</TITLE></HEAD>\r\n<BODY><H1>File Not Found</H1>\r\nThe requested URL was not found on this server: /MGLNDD_54.91.30.20_8080\\n\r\n<P>\r\n</BODY></HTML>',2022-05-14 14:07:19.570490,0.0999999999999999
RES_83_P8080,86.62.172.158:80,"b'<!DOCTYPE HTML PUBLIC ""-//W3C//DTD HTML 4.0 Transitional//EN"">\r\n<html>\r\n<head>\r\n<meta http-equiv=""Content-Type"" content=""text/html"">\r\n<title>Document Moved</title>\r\n<meta name=""id"" content=""docJump"" >\r\n<link rel=stylesheet href=""swl_styles-5.0o-3355524508.css"" TYPE=""text/css"">\r\n<script type=""text/JavaScript"">\r\nsetTimeout(""goJump();"", 1000);\r\nfunction goJump() {\r\n\tvar jumpURL = ""https://86.62.172.158/auth.html"";\r\n\tvar jumpProt = jumpURL.substr(0,6).toLowerCase();\r\n\tvar ix;\r\n\tif (jumpProt.substr(0,4) == ""http"" && (ix = jumpProt.indexOf("":"")) != -1) {\r\n\t\tjumpProt = jumpProt.substr(0,ix+1);\r\n\t\tif (location.protocol.toLowerCase() != jumpProt) {\r\n\t\t\twindow.opener = null;\r\n\t\t\ttop.opener = null;\r\n\t\t}\r\n\t}\r\n\ttop.location.href = jumpURL;\r\n}\r\n</script>\r\n</head>\r\n<body bgcolor=""#FFFFFF"" leftmargin=""0"" topmargin=""0"" rightmargin=""0"" marginwidth=""0"" marginheight=""0"" class=""popup_error_bg"">\r\n<div align=""center""><br>\r\n\t<br>\r\n\t<table width=""400""  border=""0"" cellpadding=""1"" cellspacing=""0"" bgcolor=""#CCCCCC"" summary="""">\r\n\t\t<tr>\r\n\t\t\t<td>\r\n\t\t\t\t<table width=""100&#37;""  border=""0"" cellpadding=""20"" cellspacing=""0"" bgcolor=""#FFFFFF"" summary="""">\r\n\t\t\t\t\t<tr>\r\n\t\t\t\t\t\t<td>Please be patient as you are being re-directed to <a href=""https://86.62.172.158/auth.html"" target=""_top"">a secure login page</a></td>\r\n\t\t\t\t\t</tr>\r\n\t\t\t\t</table>\r\n\t\t\t</td>\r\n\t\t</tr>\r\n\t</table>\r\n</div>\r\n</body>\r\n</html>'",2022-05-14 14:10:32.157683,0.3
