Scan ID,IoT Device,Request ID, Response ID, Port, Validity, Time
SCAN_1,Hikvision,REQ_1_P80,RES_3_P80,80,True,2022-05-03 19:45:03.566331
SCAN_2,Hikvision,REQ_2_P80,RES_4_P80,80,True,2022-05-03 19:45:04.304908
SCAN_3,Hikvision,REQ_3_P80,RES_5_P80,80,True,2022-05-03 19:45:05.027197
SCAN_4,Hikvision,REQ_4_P80,RES_6_P80,80,True,2022-05-03 19:45:05.746318
SCAN_5,Hikvision,REQ_5_P80,RES_7_P80,80,True,2022-05-03 19:45:06.467317
SCAN_6,Hikvision,REQ_6_P80,RES_8_P80,80,True,2022-05-03 19:45:07.191202
SCAN_7,Hikvision,REQ_7_P80,RES_9_P80,80,True,2022-05-03 19:45:07.938570
SCAN_8,Hikvision,REQ_8_P80,RES_10_P80,80,True,2022-05-03 19:45:08.659895
SCAN_9,Hikvision,REQ_9_P80,RES_11_P80,80,True,2022-05-03 19:45:09.377550
SCAN_10,Hikvision,REQ_10_P80,RES_12_P80,80,True,2022-05-03 19:45:10.103419
SCAN_11,Hikvision,REQ_11_P80,RES_13_P80,80,True,2022-05-03 19:45:10.825439
SCAN_12,Hikvision,REQ_12_P80,RES_14_P80,80,True,2022-05-03 19:45:11.567052
SCAN_13,Hikvision,REQ_13_P80,RES_15_P80,80,True,2022-05-03 19:45:12.314363
SCAN_14,Hikvision,REQ_14_P80,RES_16_P80,80,True,2022-05-03 19:45:13.043803
SCAN_15,Hikvision,REQ_15_P80,RES_17_P80,80,True,2022-05-03 19:45:13.755740
SCAN_16,Hikvision,REQ_16_P80,RES_18_P80,80,True,2022-05-03 19:45:14.480072
SCAN_17,Hikvision,REQ_17_P80,RES_19_P80,80,True,2022-05-03 19:45:15.198241
SCAN_18,Hikvision,REQ_18_P80,RES_20_P80,80,True,2022-05-03 19:45:15.928613
SCAN_19,Hikvision,REQ_19_P80,RES_21_P80,80,True,2022-05-03 19:45:16.671465
SCAN_20,Hikvision,REQ_20_P80,RES_22_P80,80,True,2022-05-03 19:45:17.390367
SCAN_21,Hikvision,REQ_21_P80,RES_23_P80,80,True,2022-05-03 19:45:18.105964
SCAN_22,Hikvision,REQ_22_P80,RES_24_P80,80,True,2022-05-03 19:45:18.807208
SCAN_23,Hikvision,REQ_23_P80,RES_25_P80,80,True,2022-05-03 19:45:19.532591
SCAN_24,Hikvision,REQ_24_P80,RES_26_P80,80,True,2022-05-03 19:45:20.266445
SCAN_25,Hikvision,REQ_25_P80,RES_27_P80,80,True,2022-05-03 19:45:20.990765
SCAN_26,Hikvision,REQ_26_P80,RES_28_P80,80,True,2022-05-03 19:45:21.716110
SCAN_27,Hikvision,REQ_27_P80,RES_29_P80,80,True,2022-05-03 19:45:22.428326
SCAN_28,Hikvision,REQ_28_P80,RES_30_P80,80,True,2022-05-03 19:45:23.144569
SCAN_29,Hikvision,REQ_29_P80,RES_31_P80,80,True,2022-05-03 19:45:23.894801
SCAN_30,Hikvision,REQ_1_P81,RES_1_P81,81,True,2022-05-03 19:45:25.303688
SCAN_31,Hikvision,REQ_2_P81,RES_2_P81,81,True,2022-05-03 19:45:26.034826
SCAN_32,Hikvision,REQ_3_P81,RES_3_P81,81,True,2022-05-03 19:45:26.745655
SCAN_33,Hikvision,REQ_4_P81,RES_4_P81,81,True,2022-05-03 19:45:27.474356
SCAN_34,Hikvision,REQ_5_P81,RES_5_P81,81,True,2022-05-03 19:45:28.182603
SCAN_35,Hikvision,REQ_6_P81,RES_6_P81,81,True,2022-05-03 19:45:28.932953
SCAN_36,Hikvision,REQ_7_P81,RES_7_P81,81,True,2022-05-03 19:45:29.651065
SCAN_37,Hikvision,REQ_8_P81,RES_8_P81,81,True,2022-05-03 19:45:30.375538
SCAN_38,Hikvision,REQ_9_P81,RES_9_P81,81,True,2022-05-03 19:45:31.093301
SCAN_39,Hikvision,REQ_10_P81,RES_10_P81,81,True,2022-05-03 19:45:31.767314
SCAN_40,Hikvision,REQ_11_P81,RES_11_P81,81,True,2022-05-03 19:45:32.488735
SCAN_41,Hikvision,REQ_12_P81,RES_12_P81,81,True,2022-05-03 19:45:33.207495
SCAN_42,Hikvision,REQ_13_P81,RES_13_P81,81,True,2022-05-03 19:45:33.945506
SCAN_43,Hikvision,REQ_14_P81,RES_14_P81,81,True,2022-05-03 19:45:34.666757
SCAN_44,Hikvision,REQ_15_P81,RES_15_P81,81,True,2022-05-03 19:45:35.390433
SCAN_45,Hikvision,REQ_1_P88,RES_1_P88,88,True,2022-05-03 19:45:36.803234
SCAN_46,Hikvision,REQ_2_P88,RES_2_P88,88,True,2022-05-03 19:45:37.545558
SCAN_47,Hikvision,REQ_3_P88,RES_3_P88,88,True,2022-05-03 19:45:38.264584
SCAN_48,Hikvision,REQ_1_P443,RES_1_P443,443,True,2022-05-03 19:45:38.978196
SCAN_49,Hikvision,REQ_2_P443,RES_2_P443,443,True,2022-05-03 19:45:39.693967
SCAN_50,Hikvision,REQ_3_P443,RES_3_P443,443,True,2022-05-03 19:45:40.424864
SCAN_51,Hikvision,REQ_4_P443,RES_4_P443,443,True,2022-05-03 19:45:41.140966
SCAN_52,Hikvision,REQ_5_P443,RES_5_P443,443,True,2022-05-03 19:45:41.859622
SCAN_53,Hikvision,REQ_6_P443,RES_6_P443,443,True,2022-05-03 19:45:42.590254
SCAN_54,Hikvision,REQ_1_P7547,RES_145_P7547,7547,True,2022-05-03 19:45:43.323314
SCAN_55,Hikvision,REQ_1_P8080,RES_2_P8080,8080,True,2022-05-03 19:45:44.745617
SCAN_56,Hikvision,REQ_2_P8080,RES_3_P8080,8080,True,2022-05-03 19:45:45.447661
SCAN_57,Hikvision,REQ_3_P8080,RES_4_P8080,8080,True,2022-05-03 19:45:46.157218
SCAN_58,Hikvision,REQ_4_P8080,RES_5_P8080,8080,True,2022-05-03 19:45:46.874077
SCAN_59,Hikvision,REQ_5_P8080,RES_6_P8080,8080,True,2022-05-03 19:45:47.597634
SCAN_60,Hikvision,REQ_6_P8080,RES_7_P8080,8080,True,2022-05-03 19:45:48.327956
SCAN_61,Hikvision,REQ_7_P8080,RES_8_P8080,8080,True,2022-05-03 19:45:49.066104
SCAN_62,Hikvision,REQ_8_P8080,RES_9_P8080,8080,True,2022-05-03 19:45:49.786169
SCAN_63,Hikvision,REQ_9_P8080,RES_10_P8080,8080,True,2022-05-03 19:45:50.537378
SCAN_64,Hikvision,REQ_10_P8080,RES_11_P8080,8080,True,2022-05-03 19:45:51.260971
SCAN_65,Hikvision,REQ_1_P8081,Null,8081,False,2022-05-03 19:45:52.610293
SCAN_66,Hikvision,REQ_2_P8081,Null,8081,False,2022-05-03 19:45:53.306831
SCAN_67,Hikvision,REQ_3_P8081,Null,8081,False,2022-05-03 19:45:54.018060
SCAN_68,Hikvision,REQ_4_P8081,Null,8081,False,2022-05-03 19:45:54.721945
SCAN_69,Hikvision,REQ_5_P8081,Null,8081,False,2022-05-03 19:45:55.422591
SCAN_70,Hikvision,REQ_6_P8081,Null,8081,False,2022-05-03 19:45:56.133113
SCAN_71,TP-LINK,REQ_1_P80,Null,80,False,2022-05-03 19:47:12.948444
SCAN_72,TP-LINK,REQ_2_P80,Null,80,False,2022-05-03 19:47:14.993329
SCAN_73,TP-LINK,REQ_3_P80,Null,80,False,2022-05-03 19:47:17.029520
SCAN_74,TP-LINK,REQ_4_P80,Null,80,False,2022-05-03 19:47:19.069267
SCAN_75,TP-LINK,REQ_5_P80,Null,80,False,2022-05-03 19:47:21.102036
SCAN_76,TP-LINK,REQ_6_P80,Null,80,False,2022-05-03 19:47:23.140718
SCAN_77,TP-LINK,REQ_7_P80,Null,80,False,2022-05-03 19:47:25.181113
SCAN_78,TP-LINK,REQ_8_P80,Null,80,False,2022-05-03 19:47:27.224316
SCAN_79,TP-LINK,REQ_9_P80,Null,80,False,2022-05-03 19:47:29.263719
SCAN_80,TP-LINK,REQ_10_P80,Null,80,False,2022-05-03 19:47:31.299280
SCAN_81,TP-LINK,REQ_11_P80,Null,80,False,2022-05-03 19:47:33.340480
SCAN_82,TP-LINK,REQ_12_P80,Null,80,False,2022-05-03 19:47:35.364260
SCAN_83,TP-LINK,REQ_13_P80,Null,80,False,2022-05-03 19:47:37.402923
SCAN_84,TP-LINK,REQ_14_P80,Null,80,False,2022-05-03 19:47:39.436826
SCAN_85,TP-LINK,REQ_15_P80,Null,80,False,2022-05-03 19:47:41.452287
SCAN_86,TP-LINK,REQ_16_P80,Null,80,False,2022-05-03 19:47:43.474521
SCAN_87,TP-LINK,REQ_17_P80,Null,80,False,2022-05-03 19:47:45.505919
SCAN_88,TP-LINK,REQ_18_P80,Null,80,False,2022-05-03 19:47:47.541977
SCAN_89,TP-LINK,REQ_19_P80,Null,80,False,2022-05-03 19:47:49.573794
SCAN_90,TP-LINK,REQ_20_P80,Null,80,False,2022-05-03 19:47:51.608987
SCAN_91,TP-LINK,REQ_21_P80,Null,80,False,2022-05-03 19:47:53.642151
SCAN_92,TP-LINK,REQ_22_P80,Null,80,False,2022-05-03 19:47:55.682716
SCAN_93,TP-LINK,REQ_23_P80,Null,80,False,2022-05-03 19:47:57.718179
SCAN_94,TP-LINK,REQ_24_P80,Null,80,False,2022-05-03 19:47:59.749273
SCAN_95,TP-LINK,REQ_25_P80,Null,80,False,2022-05-03 19:48:01.781665
SCAN_96,TP-LINK,REQ_26_P80,Null,80,False,2022-05-03 19:48:03.816551
SCAN_97,TP-LINK,REQ_27_P80,Null,80,False,2022-05-03 19:48:05.854131
SCAN_98,TP-LINK,REQ_28_P80,Null,80,False,2022-05-03 19:48:07.890646
SCAN_99,TP-LINK,REQ_29_P80,Null,80,False,2022-05-03 19:48:09.928853
SCAN_100,TP-LINK,REQ_1_P80,Null,80,False,2022-05-03 19:48:11.961716
SCAN_101,TP-LINK,REQ_2_P80,Null,80,False,2022-05-03 19:48:14.002716
SCAN_102,TP-LINK,REQ_3_P80,Null,80,False,2022-05-03 19:48:16.037481
SCAN_103,TP-LINK,REQ_4_P80,Null,80,False,2022-05-03 19:48:18.078256
SCAN_104,TP-LINK,REQ_5_P80,Null,80,False,2022-05-03 19:48:20.112597
SCAN_105,TP-LINK,REQ_6_P80,Null,80,False,2022-05-03 19:48:22.146274
SCAN_106,TP-LINK,REQ_7_P80,Null,80,False,2022-05-03 19:48:24.190637
SCAN_107,TP-LINK,REQ_8_P80,Null,80,False,2022-05-03 19:48:26.224009
SCAN_108,TP-LINK,REQ_9_P80,Null,80,False,2022-05-03 19:48:28.254603
SCAN_109,TP-LINK,REQ_10_P80,Null,80,False,2022-05-03 19:48:30.291762
SCAN_110,TP-LINK,REQ_11_P80,Null,80,False,2022-05-03 19:48:32.326362
SCAN_111,TP-LINK,REQ_12_P80,Null,80,False,2022-05-03 19:48:34.360130
SCAN_112,TP-LINK,REQ_13_P80,Null,80,False,2022-05-03 19:48:36.394695
SCAN_113,TP-LINK,REQ_14_P80,Null,80,False,2022-05-03 19:48:38.433547
SCAN_114,TP-LINK,REQ_15_P80,Null,80,False,2022-05-03 19:48:40.474205
SCAN_115,TP-LINK,REQ_16_P80,Null,80,False,2022-05-03 19:48:42.511898
SCAN_116,TP-LINK,REQ_17_P80,Null,80,False,2022-05-03 19:48:44.543554
SCAN_117,TP-LINK,REQ_18_P80,Null,80,False,2022-05-03 19:48:46.582616
SCAN_118,TP-LINK,REQ_19_P80,Null,80,False,2022-05-03 19:48:48.627712
SCAN_119,TP-LINK,REQ_20_P80,Null,80,False,2022-05-03 19:48:50.661770
SCAN_120,TP-LINK,REQ_21_P80,Null,80,False,2022-05-03 19:48:52.693576
SCAN_121,TP-LINK,REQ_22_P80,Null,80,False,2022-05-03 19:48:54.726579
SCAN_122,TP-LINK,REQ_23_P80,Null,80,False,2022-05-03 19:48:56.764617
SCAN_123,TP-LINK,REQ_24_P80,Null,80,False,2022-05-03 19:48:58.804709
SCAN_124,TP-LINK,REQ_25_P80,Null,80,False,2022-05-03 19:49:00.842513
SCAN_125,TP-LINK,REQ_26_P80,Null,80,False,2022-05-03 19:49:02.885659
SCAN_126,TP-LINK,REQ_27_P80,Null,80,False,2022-05-03 19:49:04.918632
SCAN_127,TP-LINK,REQ_28_P80,Null,80,False,2022-05-03 19:49:06.963038
SCAN_128,TP-LINK,REQ_29_P80,Null,80,False,2022-05-03 19:49:08.995799
SCAN_129,TP-LINK,REQ_1_P80,Null,80,False,2022-05-03 19:49:11.030541
SCAN_130,TP-LINK,REQ_2_P80,Null,80,False,2022-05-03 19:49:13.076609
SCAN_131,TP-LINK,REQ_3_P80,Null,80,False,2022-05-03 19:49:15.111240
SCAN_132,TP-LINK,REQ_4_P80,Null,80,False,2022-05-03 19:49:17.150641
SCAN_133,TP-LINK,REQ_5_P80,Null,80,False,2022-05-03 19:49:19.183387
SCAN_134,TP-LINK,REQ_6_P80,Null,80,False,2022-05-03 19:49:21.228720
SCAN_135,TP-LINK,REQ_7_P80,Null,80,False,2022-05-03 19:49:23.264351
SCAN_136,TP-LINK,REQ_8_P80,Null,80,False,2022-05-03 19:49:25.298922
SCAN_137,TP-LINK,REQ_9_P80,Null,80,False,2022-05-03 19:49:27.332378
SCAN_138,TP-LINK,REQ_10_P80,Null,80,False,2022-05-03 19:49:29.376175
SCAN_139,TP-LINK,REQ_11_P80,Null,80,False,2022-05-03 19:49:31.409249
SCAN_140,TP-LINK,REQ_12_P80,Null,80,False,2022-05-03 19:49:33.442374
SCAN_141,TP-LINK,REQ_13_P80,Null,80,False,2022-05-03 19:49:35.494331
SCAN_142,TP-LINK,REQ_14_P80,Null,80,False,2022-05-03 19:49:37.529903
SCAN_143,TP-LINK,REQ_15_P80,Null,80,False,2022-05-03 19:49:39.571815
SCAN_144,TP-LINK,REQ_16_P80,Null,80,False,2022-05-03 19:49:41.608841
SCAN_145,TP-LINK,REQ_17_P80,Null,80,False,2022-05-03 19:49:43.656835
SCAN_146,TP-LINK,REQ_18_P80,Null,80,False,2022-05-03 19:49:45.699607
SCAN_147,TP-LINK,REQ_19_P80,Null,80,False,2022-05-03 19:49:47.742681
